ID,Cluster,Target,Latitude,Longitude,Available,TotalDock,Outlier,Unit
3056,0,0,40.690725,-73.951335,17,31,0,0.158823529
313,0,-5,40.696102,-73.96751,9,23,0,0.50375
421,0,13,40.695734,-73.971297,29,59,0,0.095813953
3055,0,6,40.688334,-73.950916,17,23,0,0.193333333
3297,0,-6,40.668663,-73.979881,1,25,0,0.145333333
297,0,-4,40.734232,-73.986923,10,27,0,0.777894737
326,0,-3,40.729538,-73.984267,0,27,1,0.796842105
498,0,8,40.748549,-73.988084,37,42,0,0.691052632
3235,0,9,40.752165,-73.979922,27,31,0,0.441333333
147,1,6,40.715422,-74.01122,36,39,0,0.608
195,1,9,40.709056,-74.010434,43,45,0,0.545
259,1,4,40.701221,-74.012342,35,39,0,0.486315789
260,1,6,40.703652,-74.011678,33,35,0,0.336923077
264,1,-2,40.707065,-74.007319,24,27,0,0.481666667
304,1,6,40.704633,-74.013617,32,33,0,1
306,1,-2,40.708235,-74.005301,13,17,0,0.506666667
309,1,6,40.714979,-74.013012,38,41,0,0.695
315,1,8,40.703554,-74.006702,24,29,0,0.8825
316,1,-9,40.70956,-74.006536,10,27,0,0.783333333
319,1,-5,40.711066,-74.009447,23,33,0,0.506521739
327,1,3,40.715338,-74.016584,36,39,0,0.765357143
337,1,8,40.703799,-74.008387,34,37,0,0.646666667
351,1,5,40.70531,-74.006126,38,39,0,0.166
360,1,4,40.707179,-74.008873,33,39,0,0.525555556
363,1,-10,40.708347,-74.017134,14,49,0,0.312666667
376,1,7,40.708621,-74.007222,36,43,0,0.398888889
415,1,11,40.704718,-74.00926,39,42,0,0.291111111
417,1,-10,40.712912,-74.010202,7,23,0,0.70625
427,1,-8,40.701907,-74.013942,29,47,0,0.376315789
534,1,9,40.702551,-74.012723,30,31,0,0.396153846
2008,1,-7,40.705693,-74.016777,14,24,0,0.4075
3002,1,-8,40.711512,-74.015756,8,25,0,0.7
3168,2,-20,40.784727,-73.969617,0,31,1,0.403125
3169,2,-8,40.787209,-73.981281,9,39,0,0.190645161
3170,2,-6,40.785,-73.972834,10,35,0,0.407222222
3171,2,13,40.785247,-73.976673,19,39,1,0.374642857
3226,2,12,40.78275,-73.97137,16,45,0,0.4075
3283,2,-8,40.788221,-73.970416,19,47,0,0.155555556
3285,2,10,40.78839,-73.9747,25,43,1,0.393793103
3287,2,15,40.789693,-73.977784,30,39,1,0.298095238
3289,2,-11,40.78969,-73.971727,0,32,0,0.508
3293,2,-6,40.7921,-73.9739,5,24,0,0.224
3294,2,6,40.783502,-73.955327,35,38,0,0.265714286
3295,2,-8,40.79127,-73.964839,11,59,0,0.308571429
3301,2,-8,40.791956,-73.968087,0,39,1,0.375555556
3302,2,4,40.796935,-73.964341,10,22,0,0.245555556
3307,2,-6,40.794165,-73.974124,7,31,0,0.436
3314,2,-6,40.79377,-73.971888,2,32,0,0.659230769
3316,2,14,40.798994,-73.966217,24,47,1,0.164210526
3320,2,12,40.793393,-73.963556,20,49,0,0.16
3328,2,-7,40.795,-73.9645,10,39,0,0.254545455
3331,2,-15,40.801343,-73.971146,2,39,1,0.159230769
3338,2,5,40.786259,-73.945526,13,34,0,0.125769231
3341,2,-2,40.795346,-73.96186,12,41,0,0.226923077
3357,2,4,40.800836,-73.966449,16,35,0,0.160555556
3147,4,-4,40.778012,-73.954071,4,39,0,0.71
3148,4,-6,40.775655,-73.950686,11,30,0,0.456315789
3150,4,-11,40.775369,-73.948034,19,47,0,0.28625
3151,4,18,40.772838,-73.949892,28,43,0,0.495
3168,4,-8,40.784727,-73.969617,0,31,1,0.403125
3284,4,-2,40.781271,-73.955638,32,38,0,0.158125
3286,4,13,40.780628,-73.952167,30,39,0,0.286428571
3288,4,-15,40.778301,-73.948813,0,39,0,0.183846154
3290,4,-9,40.777945,-73.946041,12,35,0,0.311
3305,4,10,40.781501,-73.950568,18,39,0,0.346428571
3312,4,-4,40.781721,-73.94594,5,39,1,0.384666667
3369,4,-12,40.773016,-73.946378,5,29,0,0.517692308
2002,6,-4,40.716887,-73.963198,13,27,0,0.553333333
150,6,-9,40.720874,-73.980858,0,31,0,0.830714286
168,6,5,40.739713,-73.994564,18,47,1,0.306666667
301,6,-9,40.722174,-73.983688,0,37,0,0.554761905
302,6,-3,40.720828,-73.977932,0,23,0,0.6
332,6,10,40.712199,-73.979481,13,24,1,0.848571429
337,6,6,40.703799,-74.008387,34,37,0,0.646666667
341,6,6,40.717821,-73.976289,9,19,0,0.638235294
342,6,6,40.7174,-73.980166,8,29,0,0.783125
349,6,2,40.718502,-73.983299,5,23,0,0.665
356,6,-3,40.716226,-73.982612,0,23,1,1
357,6,8,40.732618,-73.99158,16,27,1,0.78
393,6,-8,40.722992,-73.979955,2,31,0,1
394,6,-10,40.725213,-73.977688,0,32,0,0.786666667
400,6,-9,40.719261,-73.98178,0,15,0,0.477692308
410,6,-6,40.720664,-73.98518,1,35,1,0.983888889
411,6,-6,40.722281,-73.976687,0,23,0,0.519
475,6,15,40.735243,-73.987586,37,39,1,0.833333333
502,6,-8,40.714215,-73.981346,1,30,0,0.453043478
3096,6,7,40.71924,-73.95242,34,39,1,0.196190476
389,8,-5,40.710446,-73.965251,12,27,0,0.19
460,8,-6,40.712859,-73.965903,12,23,0,0.43
481,8,-6,40.712605,-73.962644,21,25,0,0.430625
3077,8,-4,40.708771,-73.950953,12,33,0,0.368571429
3082,8,-4,40.711674,-73.951413,9,25,0,0.559411765
3084,8,11,40.713487,-73.947925,27,30,0,0.201363636
3085,8,-10,40.71469,-73.95739,1,25,0,0.173636364
3096,8,12,40.71924,-73.95242,34,39,1,0.196190476
3102,8,13,40.721791,-73.950415,23,27,0,0.327857143
3107,8,16,40.723117,-73.952123,24,39,1,0.285882353
3111,8,-5,40.725848,-73.950649,6,27,1,0.301538462
119,12,0,40.696089,-73.978034,7,19,0,0.365714286
120,12,2,40.686768,-73.959282,12,19,0,0.564
245,12,6,40.69327,-73.977039,15,23,0,0.186470588
261,12,-2,40.694749,-73.983625,3,27,1,0.241176471
270,12,-2,40.693083,-73.971789,4,27,1,0.285625
289,12,-3,40.684568,-73.958811,15,19,0,0.27
344,12,-9,40.685144,-73.953809,4,23,1,0.177333333
366,12,-10,40.693261,-73.968896,2,33,1,0.296470588
396,12,9,40.680342,-73.955769,14,25,0,0.11
419,12,-9,40.695807,-73.973556,2,23,0,0.347142857
420,12,4,40.687645,-73.969689,47,47,1,0.128823529
436,12,-2,40.682166,-73.95399,14,27,0,0.169230769
3048,12,-1,40.68402,-73.94977,12,19,0,0.275555556
3050,12,-3,40.685153,-73.94111,15,21,0,0.305789474
3053,12,12,40.690081,-73.947915,18,23,1,0.11375
3054,12,4,40.689493,-73.942061,12,19,0,0.338
3057,12,3,40.691283,-73.945242,10,18,0,0.452727273
3058,12,6,40.692371,-73.937054,18,24,1,0.14
3059,12,-5,40.693398,-73.939877,7,19,0,0.375
3060,12,3,40.694254,-73.946269,10,19,0,0.275454545
3241,12,-5,40.686203,-73.944694,6,19,0,0.226470588
298,12,4,40.686832,-73.979677,11,31,0,0.265
3401,14,0,40.672481,-73.993314,4,19,0,0.035882353
3399,14,-6,40.672786,-73.990887,0,25,0,0.225833333
3399,14,-5,40.672786,-73.990887,0,25,0,0.225833333
310,14,6,40.689269,-73.989129,34,35,0,0.201176471
322,14,8,40.696192,-73.991218,52,53,0,0.06625
324,14,15,40.689888,-73.981013,33,51,1,0.331212121
420,14,6,40.687645,-73.969689,47,47,1,0.128823529
3317,14,5,40.668627,-73.987001,17,24,0,0.28
3322,14,14,40.668603,-73.990439,20,25,0,0.252857143
3330,14,7,40.672506,-74.004947,28,45,0,0.52
3339,14,-14,40.67653,-73.978469,0,23,0,0.14
3340,14,6,40.675327,-74.01007,18,23,0,0.131875
3344,14,3,40.679043,-74.011169,12,27,0,0.034736842
3346,14,5,40.674548,-73.975553,23,29,0,0.162666667
3354,14,-5,40.668132,-73.973638,13,31,0,0.016333333
3358,14,-5,40.671198,-73.974841,15,25,0,0.51
3361,14,-9,40.674089,-73.978728,9,23,0,0.356
3364,14,-11,40.675162,-73.981483,1,27,0,0.347083333
3365,14,8,40.670384,-73.978397,18,27,0,0.2775
3368,14,-7,40.672815,-73.983524,13,30,0,0.2784
3386,14,6,40.680959,-73.999057,18,27,0,0.245384615
3396,14,-9,40.678356,-74.000145,0,25,0,0.398333333
3397,14,-9,40.676395,-73.998699,3,25,0,0.216153846
3404,14,3,40.670492,-73.985417,14,27,0,0.15
3405,14,6,40.670484,-73.98209,17,23,0,0.23
3407,14,-4,40.689608,-74.000144,3,25,0,0.023478261
216,14,-3,40.700379,-73.995481,16,23,0,0.23
217,14,-6,40.702772,-73.993836,5,31,0,0.239375
278,14,-7,40.697666,-73.984764,1,19,0,0.597142857
321,14,5,40.699918,-73.989718,21,27,0,0.613333333
322,14,10,40.696192,-73.991218,52,53,0,0.06625
391,14,-3,40.697601,-73.993446,28,31,0,0.408888889
406,14,-6,40.695128,-73.995951,22,34,0,0.466521739
414,14,13,40.702819,-73.987658,23,24,0,0.335833333
430,14,12,40.701485,-73.986569,25,27,0,0.8925
2000,14,11,40.702551,-73.989402,29,30,0,0.346
407,14,0,40.700469,-73.991454,6,35,0,0.200689655
128,26,8,40.727103,-74.002971,24,30,0,0.635789474
223,26,-6,40.737815,-73.999947,1,33,0,0.553913043
225,26,5,40.741951,-74.00803,23,27,0,0.555454545
247,26,-11,40.735354,-74.004831,0,20,0,0.777777778
276,26,1,40.717488,-74.010455,24,25,0,0.443333333
284,26,-1,40.739017,-74.002638,24,43,0,0.808125
328,26,8,40.724055,-74.00966,19,23,0,0.705454545
346,26,-13,40.736529,-74.00618,0,27,0,0.924444444
347,26,18,40.728846,-74.008591,34,35,0,0.792352941
348,26,14,40.72491,-74.001547,34,35,1,0.435555556
368,26,-7,40.730386,-74.00215,9,39,0,0.786153846
369,26,-10,40.732241,-74.000264,2,35,0,0.354666667
377,26,4,40.722438,-74.005664,29,45,0,0.439705882
383,26,-9,40.735238,-74.000271,1,39,0,0.371904762
426,26,9,40.717548,-74.013221,10,30,0,0.94
482,26,-8,40.739355,-73.999318,0,39,0,0.797083333
3224,26,1,40.739974,-74.005139,13,39,1,0.566111111
127,27,-7,40.731724,-74.006744,5,31,0,0.667894737
238,27,-8,40.736197,-74.008592,5,31,0,0.614545455
248,27,7,40.721854,-74.007718,23,23,0,0.216153846
249,27,12,40.71871,-74.009001,23,27,0,0.378571429
329,27,12,40.720434,-74.010206,19,23,0,0.955
358,27,-15,40.732916,-74.007114,1,36,0,0.755333333
380,27,-15,40.734011,-74.002939,4,39,0,0.606363636
405,27,-8,40.739323,-74.008119,12,40,0,0.610526316
3256,27,2,40.727714,-74.011296,13,22,0,0.43
3436,27,9,40.721319,-74.010065,31,31,0,0.48
3377,399,0,40.678612,-73.990373,8,25,0,0.120714286
3394,399,0,40.676999,-74.006471,8,25,0,0.0225
3414,399,2,40.680833,-73.975454,17,23,0,0.304
3415,399,-5,40.679331,-73.975195,1,23,0,0.219375
3417,399,-7,40.679577,-73.97855,1,27,0,0.093684211
3311,399,-6,40.68763155,-74.0016256,0,21,0,0.246428571
3329,399,-6,40.682915,-73.993182,9,30,0,0.265333333
3330,399,7,40.672506,-74.004947,28,45,0,0.52
3332,399,-2,40.680864,-73.99163,3,27,0,0.25
3333,399,-4,40.674706,-74.007557,0,21,0,0.56
3335,399,4,40.677274,-73.98282,16,27,0,0.200714286
3342,399,-1,40.677775,-74.009461,12,23,0,0.49
3347,399,-6,40.677343,-74.012751,1,21,0,0.058125
3348,399,-1,40.677236,-74.015665,4,19,0,0.196666667
3349,399,4,40.672968,-73.97088,19,31,0,0.24
3352,399,-4,40.675352,-74.012636,3,23,0,0.55
3353,399,4,40.674784,-74.016128,19,25,0,0.1875
3389,399,-9,40.683046,-74.003486,5,28,0,0.052727273
3392,399,1,40.681212,-74.008609,4,19,0,0.5
3393,399,-3,40.679433,-74.00785,5,19,0,0.51
3422,399,-4,40.68593,-74.002424,0,21,0,0.355
345,559,0,40.736494,-73.997044,9,35,0,0.625909091
3244,559,0,40.731437,-73.994903,19,31,0,0.528947368
161,559,3,40.72917,-73.998102,6,35,0,0.806363636
168,559,12,40.739713,-73.994564,18,47,1,0.306666667
229,559,8,40.727434,-73.99379,9,23,0,0.874615385
236,559,-12,40.728419,-73.98714,2,39,1,0.854666667
237,559,-10,40.730473,-73.986724,8,39,1,0.58
252,559,-7,40.732264,-73.998522,16,33,0,0.625555556
253,559,11,40.735439,-73.994539,13,55,0,0.437727273
254,559,3,40.735324,-73.998004,21,51,0,0.178421053
280,559,-13,40.73332,-73.995101,5,31,1,0.812
285,559,13,40.734546,-73.990741,21,51,0,0.868666667
293,559,7,40.730287,-73.990765,10,55,0,0.612777778
335,559,10,40.729039,-73.994046,23,27,1,0.59
428,559,-10,40.724677,-73.987834,1,31,1,0.792857143
428,559,-6,40.724677,-73.987834,1,31,1,0.792857143
432,559,-12,40.726218,-73.983799,4,29,1,0.725882353
438,559,-15,40.727791,-73.985649,0,31,1,0.894444444
496,559,15,40.737262,-73.99239,47,47,1,0.672307692
236,560,-18,40.728419,-73.98714,2,39,1,0.854666667
237,560,-6,40.730473,-73.986724,8,39,1,0.58
280,560,-10,40.73332,-73.995101,5,31,1,0.812
317,560,-9,40.724537,-73.981854,0,27,0,0.760434783
326,560,-8,40.729538,-73.984267,0,27,1,0.796842105
335,560,8,40.729039,-73.994046,23,27,1,0.59
357,560,4,40.732618,-73.99158,16,27,1,0.78
382,560,10,40.734927,-73.992005,16,36,0,0.755
428,560,-3,40.724677,-73.987834,1,31,1,0.792857143
432,560,-10,40.726218,-73.983799,4,29,1,0.725882353
438,560,-16,40.727791,-73.985649,0,31,1,0.894444444
439,560,-9,40.726281,-73.98978,1,39,0,0.952647059
445,560,-15,40.727408,-73.98142,0,42,0,0.721176471
475,560,12,40.735243,-73.987586,37,39,1,0.833333333
483,560,-8,40.732233,-73.9889,6,35,0,0.753043478
496,560,16,40.737262,-73.99239,47,47,1,0.672307692
497,560,9,40.73705,-73.990093,29,59,0,0.711818182
3260,560,5,40.727064,-73.996621,13,31,0,0.526875
3263,560,10,40.728995,-73.990983,48,59,0,0.799333333
3265,560,15,40.724563,-73.989444,48,59,0,0.466296296
3412,797,0,40.685376,-73.983021,13,18,0,0.232142857
144,797,5,40.698399,-73.980689,7,19,0,0.027777778
243,797,11,40.688226,-73.979382,16,31,0,0.168235294
258,797,-10,40.689407,-73.968855,1,23,0,0.408571429
274,797,-5,40.686919,-73.976682,21,31,0,0.320833333
354,797,6,40.693631,-73.962236,15,23,0,0.326111111
364,797,9,40.689004,-73.960239,15,27,0,0.207857143
366,797,-15,40.693261,-73.968896,2,33,1,0.296470588
384,797,-5,40.683048,-73.964915,9,31,0,0.571666667
398,797,4,40.691652,-73.999979,37,39,0,0.180740741
3071,797,-3,40.705381,-73.949765,7,25,0,0.225454545
3180,797,-5,40.69878,-73.99712,12,31,0,0.075
3232,797,9,40.689622,-73.983043,19,31,0,0.259473684
3242,797,13,40.691029,-73.991834,37,39,0,0.294
3315,797,-13,40.684751,-73.999173,0,23,0,0.315
3321,797,-8,40.683116,-73.997853,16,25,0,0.273846154
3388,797,-12,40.6828,-73.999904,0,25,0,0.195384615
3409,797,-9,40.686744,-73.990632,3,35,0,0.339375
3413,797,-3,40.682755,-73.982586,11,22,0,0.2325
3419,797,-2,40.679279,-73.98154,0,27,0,0.212142857
3420,797,6,40.680213,-73.984327,4,21,0,0.44
323,798,0,40.692362,-73.986317,34,39,0,0.178235294
399,798,0,40.688515,-73.964763,18,27,0,0.449375
418,798,0,40.70224,-73.982578,12,23,0,0.39
3429,798,0,40.685068,-73.977908,20,39,0,0.336
83,798,6,40.683826,-73.976323,29,62,0,0.408333333
143,798,8,40.692395,-73.993379,18,24,0,0.365714286
157,798,-2,40.690893,-73.996123,14,23,0,0.297272727
232,798,1,40.695977,-73.990149,12,23,0,0.203684211
239,798,10,40.691966,-73.981302,29,31,0,0.424210526
241,798,-6,40.68981,-73.974931,8,23,0,0.194117647
242,798,3,40.697787,-73.973736,7,23,0,0.19
244,798,-7,40.69196,-73.965369,8,31,0,0.395
262,798,-10,40.691782,-73.97373,2,24,0,0.219090909
275,798,-8,40.686501,-73.965633,0,19,0,0.288333333
324,798,10,40.689888,-73.981013,33,51,1,0.331212121
343,798,-4,40.69794,-73.969868,1,23,0,0.3625
365,798,-5,40.682232,-73.961458,6,31,0,0.195454545
390,798,8,40.692216,-73.984284,28,31,0,0.42
392,798,4,40.695065,-73.987167,15,35,0,0.25375
397,798,-5,40.684157,-73.969223,16,27,0,0.234782609
398,798,6,40.691652,-73.999979,37,39,0,0.180740741
406,798,-5,40.695128,-73.995951,22,34,1,0.466521739
416,798,-7,40.687534,-73.972652,10,31,0,0.18625
467,798,9,40.683125,-73.978951,30,34,0,0.18
2001,798,3,40.699773,-73.979927,14,15,0,0.05
3049,798,-7,40.68488,-73.96304,5,18,0,0.149090909
3069,798,-2,40.704118,-73.948186,16,35,0,0.070740741
3246,798,2,40.694281,-73.9923,19,31,0,0.2495
3249,798,3,40.680356,-73.947679,15,23,0,0.389090909
3298,798,5,40.686371,-73.993833,24,25,0,0.3125
3303,798,-2,40.684989,-73.994403,1,25,0,0.225384615
3304,798,3,40.668127,-73.983776,28,31,0,0.021785714
3308,798,-1,40.686176,-73.996453,11,27,0,0.2375
3402,798,3,40.690238,-73.992031,21,23,0,0.365454545
3408,798,-6,40.688153,-73.995209,1,27,0,0.270625
3410,798,-5,40.686444,-73.987591,3,31,0,0.020666667
3411,798,-4,40.684967,-73.986208,2,27,0,0.20125
3416,798,3,40.677615,-73.973243,18,25,0,0.29
3421,798,-5,40.684355,-73.989016,0,23,0,0.144
116,1260,-6,40.741776,-74.001497,8,39,0,0.809
212,1260,15,40.743349,-74.006818,28,28,0,0.420869565
388,1260,11,40.749718,-74.00295,30,35,0,1
434,1260,-5,40.743174,-74.003664,2,27,0,0.945384615
448,1260,-8,40.756604,-73.997901,12,31,0,0.169259259
453,1260,-6,40.744751,-73.999154,8,39,0,0.871785714
458,1260,11,40.751396,-74.005226,31,31,0,0.531666667
459,1260,10,40.746745,-74.007756,35,49,0,0.718
462,1260,-7,40.74692,-74.004519,27,47,0,0.495714286
470,1260,-10,40.743453,-74.00004,1,37,0,0.699259259
478,1260,-10,40.760301,-73.998842,1,31,0,0.832758621
509,1260,-7,40.745497,-74.001971,0,36,0,0.503478261
514,1260,-10,40.760875,-74.002777,18,52,0,0.509565217
525,1260,-10,40.755942,-74.002116,6,39,0,0.9165625
3224,1260,5,40.739974,-74.005139,13,39,0,0.566111111
3258,1260,12,40.750182,-74.002184,29,37,0,0.684444444
3259,1260,-3,40.74937,-73.999234,9,27,0,0.5425
3428,1260,11,40.740983,-74.001702,23,25,0,0.58
224,1385,0,40.711464,-74.005524,23,23,0,0.613
412,1385,0,40.715815,-73.994224,0,0,0,0
82,1385,1,40.711174,-74.000165,3,27,0,0.217894737
152,1385,2,40.71474,-74.009106,26,29,0,0.618666667
279,1385,7,40.707873,-74.00167,19,36,0,0.6136
295,1385,-3,40.714067,-73.992939,3,24,0,0.682666667
307,1385,-9,40.714275,-73.9899,6,31,0,0.476666667
308,1385,-4,40.713079,-73.998512,5,27,0,0.43
330,1385,9,40.714505,-74.005628,33,39,0,0.698
331,1385,-13,40.711731,-73.99193,1,27,0,0.489285714
340,1385,-13,40.71269,-73.987763,12,27,0,0.653478261
386,1385,11,40.714948,-74.002345,42,43,0,0.238333333
387,1385,7,40.712733,-74.004607,25,39,0,0.756875
408,1385,-8,40.710762,-73.994004,1,23,0,0.300833333
509,1385,-14,40.745497,-74.001971,0,36,0,0.503478261
2009,1385,-11,40.711174,-73.996826,15,35,0,0.431875
423,1757,0,40.765849,-73.986905,21,36,0,0.48
510,1757,0,40.76066,-73.98042,11,43,0,0.068372093
72,1757,-7,40.767272,-73.993929,33,39,0,0.305263158
137,1757,9,40.761628,-73.972924,24,30,0,0.86
173,1757,12,40.760683,-73.984527,50,51,0,0.449
281,1757,12,40.764397,-73.973715,48,57,0,0.805555556
352,1757,14,40.763406,-73.977225,38,39,0,0.967333333
367,1757,-6,40.758281,-73.970694,2,33,0,0.979166667
422,1757,-15,40.770513,-73.988038,12,55,0,0.173333333
447,1757,5,40.763707,-73.985162,50,51,1,0.531764706
449,1757,-4,40.764618,-73.987895,23,31,0,0.799
450,1757,10,40.762272,-73.987882,55,59,0,0.383043478
457,1757,6,40.766953,-73.981693,32,39,0,0.430869565
500,1757,5,40.762288,-73.983362,48,52,0,0.881666667
3164,1757,-10,40.777057,-73.978985,21,67,0,0.513636364
3175,1757,-9,40.77748,-73.982886,12,31,0,0.5115
3176,1757,-8,40.774528,-73.987538,30,43,0,0.525625
3356,1757,-4,40.774667,-73.984706,6,21,0,0.226666667
3360,1757,-7,40.782939,-73.978652,7,25,0,0.515
137,1758,6,40.761628,-73.972924,24,30,0,0.86
173,1758,8,40.760683,-73.984527,50,51,0,0.449
281,1758,2,40.764397,-73.973715,48,57,0,0.805555556
352,1758,9,40.763406,-73.977225,38,39,0,0.967333333
422,1758,-11,40.770513,-73.988038,12,55,0,0.173333333
447,1758,4,40.763707,-73.985162,50,51,1,0.531764706
456,1758,5,40.759711,-73.974023,34,35,0,0.623913043
469,1758,8,40.763441,-73.982681,54,57,0,0.894117647
495,1758,-6,40.762699,-73.993012,4,25,0,0.835
499,1758,-8,40.769155,-73.981918,21,36,0,0.842222222
500,1758,8,40.762288,-73.983362,48,52,0,0.881666667
513,1758,3,40.768254,-73.988639,23,27,0,0.803846154
522,1758,12,40.757148,-73.972078,50,51,0,0.443888889
2006,1758,6,40.765909,-73.976342,38,49,0,0.388148148
2023,1758,11,40.759681,-73.970314,35,36,0,0.287916667
3158,1758,-10,40.771639,-73.982614,10,31,0,0.479565217
3166,1758,-10,40.780578,-73.985624,8,41,0,0.408888889
3167,1758,-12,40.779668,-73.98093,11,55,0,0.418125
3172,1758,-10,40.778567,-73.97755,0,27,0,0.252352941
3173,1758,-11,40.777507,-73.988886,1,39,0,0.404571429
3178,1758,9,40.784145,-73.983625,21,39,0,0.162631579
3165,1759,-9,40.775794,-73.976206,0,51,0,0.623333333
447,1759,8,40.763707,-73.985162,50,51,1,0.531764706
456,1759,4,40.759711,-73.974023,34,35,0,0.623913043
468,1759,8,40.765265,-73.981923,55,59,0,0.591304348
469,1759,8,40.763441,-73.982681,54,57,0,0.894117647
480,1759,-9,40.766697,-73.990617,0,27,0,0.628
500,1759,9,40.762288,-73.983362,48,52,0,0.881666667
520,1759,6,40.759923,-73.976485,38,39,0,1
522,1759,7,40.757148,-73.972078,50,51,0,0.443888889
530,1759,-6,40.771522,-73.990541,0,36,0,0.688
2006,1759,7,40.765909,-73.976342,38,49,0,0.388148148
3132,1759,6,40.763505,-73.971092,32,35,0,0.719090909
3158,1759,-5,40.771639,-73.982614,10,31,0,0.479565217
3159,1759,-2,40.774925,-73.982666,18,31,0,0.430909091
3160,1759,-7,40.778968,-73.973747,6,39,0,0.557428571
3161,1759,-6,40.780184,-73.977285,6,59,0,0.462631579
3162,1759,-3,40.7834,-73.980931,9,39,0,0.324166667
3163,1759,-8,40.773407,-73.977825,11,43,0,0.462777778
3164,1759,-6,40.777057,-73.978985,21,67,0,0.513636364
3172,1759,-6,40.778567,-73.97755,0,27,0,0.252352941
3173,1759,-7,40.777507,-73.988886,1,39,0,0.404571429
3233,1759,6,40.757246,-73.978059,35,39,0,0.932258065
267,2095,7,40.750977,-73.987654,55,57,0,0.4904
334,2095,-3,40.742388,-73.997262,11,31,0,0.711875
379,2095,-11,40.749156,-73.9916,16,42,0,0.626923077
444,2095,10,40.742354,-73.989151,50,52,0,0.909333333
446,2095,6,40.744876,-73.995299,36,39,0,0.871538462
453,2095,-2,40.744751,-73.999154,8,39,0,0.871785714
465,2095,8,40.755136,-73.98658,33,39,0,0.45625
466,2095,8,40.743954,-73.991449,25,35,0,0.937777778
477,2095,-10,40.756405,-73.990026,1,59,0,0.74173913
485,2095,7,40.75038,-73.98339,36,39,0,0.605714286
492,2095,-10,40.7502,-73.990931,0,49,0,0.92875
505,2095,2,40.749013,-73.988484,22,36,0,0.89875
508,2095,-5,40.763414,-73.996674,4,24,0,0.96
515,2095,-6,40.760094,-73.994618,1,35,0,0.888235294
524,2095,12,40.755273,-73.983169,52,55,0,0.892352941
526,2095,11,40.747659,-73.984907,36,39,0,0.62
529,2095,-9,40.75757,-73.990985,1,41,0,0.8225
2021,2095,-5,40.759291,-73.988597,13,43,0,0.715333333
3230,2095,-6,40.751284,-73.996924,16,45,0,0.69
3233,2095,9,40.757246,-73.978059,35,39,0,0.932258065
3236,2095,-8,40.758985,-73.9938,10,33,0,1
3243,2095,8,40.758924,-73.962262,21,29,0,0.4475
3255,2095,-6,40.750585,-73.994685,1,19,0,0.915882353
362,2096,9,40.751726,-73.987535,57,57,0,0.295517241
435,2096,10,40.74174,-73.994156,45,47,0,0.836666667
442,2096,9,40.746647,-73.993915,49,51,0,0.436296296
444,2096,12,40.742354,-73.989151,50,52,0,0.909333333
474,2096,13,40.745168,-73.986831,37,39,0,0.613571429
477,2096,-12,40.756405,-73.990026,1,59,0,0.74173913
479,2096,-5,40.760193,-73.991255,0,31,0,0.927368421
484,2096,12,40.755003,-73.980144,41,44,0,0.231621622
486,2096,12,40.746201,-73.988557,36,39,0,0.735454545
488,2096,4,40.756458,-73.993722,23,41,0,0.562
490,2096,-15,40.751551,-73.993934,10,59,0,0.946666667
492,2096,-18,40.7502,-73.990931,0,49,0,0.92875
493,2096,-6,40.7568,-73.982912,26,47,0,0.905882353
494,2096,-10,40.747348,-73.997236,6,35,0,0.518461538
523,2096,-8,40.754666,-73.991382,12,51,0,0.84
524,2096,8,40.755273,-73.983169,52,55,0,0.892352941
533,2096,4,40.752996,-73.987216,27,31,0,0.531666667
3230,2096,-15,40.751284,-73.996924,16,45,0,0.69
153,2228,4,40.752062,-73.981632,1,24,0,0.8
167,2228,5,40.748901,-73.976049,42,45,0,0.6165
174,2228,-11,40.738177,-73.977387,13,30,0,0.72375
228,2228,13,40.754601,-73.971879,53,55,0,0.786521739
325,2228,-9,40.736245,-73.984738,19,35,0,0.5852
339,2228,-10,40.725806,-73.974225,3,24,0,0.393333333
440,2228,14,40.752554,-73.972826,32,32,0,1
454,2228,7,40.754557,-73.96593,52,59,1,0.32
461,2228,-14,40.735877,-73.98205,3,39,0,0.984444444
472,2228,15,40.745712,-73.981948,38,41,0,0.327307692
476,2228,-5,40.743943,-73.979661,35,47,0,0.507692308
501,2228,-12,40.744219,-73.971212,3,43,0,0.64425
511,2228,-5,40.729387,-73.977724,0,36,0,0.947272727
517,2228,7,40.751581,-73.97791,37,59,0,0.325652174
518,2228,-5,40.747804,-73.973442,10,35,0,0.883076923
519,2228,-4,40.751873,-73.977706,19,39,0,0.94625
526,2228,2,40.747659,-73.984907,36,39,0,0.62
527,2228,6,40.744023,-73.976056,52,59,0,0.355238095
536,2228,9,40.741444,-73.975361,17,29,0,0.873333333
537,2228,10,40.740259,-73.984092,33,39,0,0.736666667
540,2228,3,40.743116,-73.982154,26,30,0,0.528571429
545,2228,-6,40.736502,-73.978095,1,27,0,0.7
546,2228,11,40.744449,-73.983035,35,38,0,0.811
2004,2228,6,40.724399,-74.004704,48,59,0,0.157105263
2012,2228,7,40.739445,-73.976806,22,36,0,0.778695652
3431,2228,-2,40.746524,-73.977885,23,26,0,0.8008
164,2229,6,40.753231,-73.970325,39,47,0,0.441818182
228,2229,10,40.754601,-73.971879,53,55,0,0.786521739
402,2229,4,40.740343,-73.989551,30,39,0,0.923214286
433,2229,-12,40.729554,-73.980572,17,39,0,0.786666667
454,2229,4,40.754557,-73.96593,52,59,1,0.32
455,2229,8,40.75002,-73.969053,35,39,0,0.585555556
485,2229,8,40.75038,-73.98339,36,39,0,0.605714286
487,2229,-11,40.733143,-73.975739,8,36,0,0.264285714
491,2229,13,40.740964,-73.986022,49,53,0,0.7604
503,2229,5,40.738274,-73.98752,26,29,0,0.733333333
504,2229,-12,40.732219,-73.981656,1,45,0,0.806551724
507,2229,-8,40.739126,-73.979738,10,39,0,0.8975
511,2229,-12,40.729387,-73.977724,0,36,0,0.947272727
526,2229,9,40.747659,-73.984907,36,39,0,0.62
527,2229,9,40.744023,-73.976056,52,59,0,0.355238095
528,2229,-11,40.742909,-73.977061,13,39,0,0.903846154
2003,2229,-9,40.733812,-73.980544,0,39,0,0.434347826
2004,2229,4,40.724399,-74.004704,48,59,0,0.157105263
2017,2229,9,40.750224,-73.971214,22,36,0,0.437
79,2416,0,40.719116,-74.006667,3,3,0,1
146,2416,13,40.71625,-74.009106,36,39,0,0.3065
151,2416,5,40.722104,-73.997249,5,33,0,0.95375
251,2416,2,40.72318,-73.9948,2,27,0,0.643636364
257,2416,10,40.719392,-74.002472,25,39,0,0.9325
263,2416,-6,40.71729,-73.996375,2,24,0,0.6
265,2416,-10,40.722293,-73.991475,2,35,0,0.472666667
268,2416,5,40.719105,-73.999733,4,27,0,0.851111111
296,2416,-2,40.714131,-73.997047,10,35,0,0.542
303,2416,10,40.723627,-73.999496,30,31,0,0.319090909
320,2416,8,40.717571,-74.005549,31,39,0,0.412916667
336,2416,-5,40.730477,-73.999061,1,39,0,0.782727273
348,2416,9,40.72491,-74.001547,34,35,0,0.435555556
350,2416,-11,40.715595,-73.98703,0,28,0,0.695652174
361,2416,-12,40.716059,-73.991908,2,43,0,0.451111111
386,2416,9,40.714948,-74.002345,42,43,0,0.238333333
401,2416,-12,40.720196,-73.989978,5,42,0,0.436842105
473,2416,-9,40.721101,-73.991925,0,38,0,0.884615385
2010,2416,-8,40.721655,-74.002347,21,39,0,0.391666667
3427,2416,13,40.724305,-73.99601,37,40,0,0.984285714
146,2417,13,40.71625,-74.009106,36,39,0,0.3065
265,2417,-13,40.722293,-73.991475,2,35,0,0.472666667
266,2417,-9,40.723684,-73.975748,0,24,0,0.463684211
291,2417,-8,40.713126,-73.984844,0,20,0,0.420625
303,2417,10,40.723627,-73.999496,30,31,0,0.319090909
307,2417,-4,40.714275,-73.9899,6,31,0,0.476666667
311,2417,8,40.717227,-73.988021,12,31,0,0.508235294
312,2417,-12,40.722055,-73.989111,2,31,0,0.637894737
320,2417,6,40.717571,-74.005549,31,39,0,0.412916667
332,2417,2,40.712199,-73.979481,13,24,0,0.848571429
348,2417,12,40.72491,-74.001547,34,35,0,0.435555556
350,2417,-5,40.715595,-73.98703,0,28,0,0.695652174
355,2417,9,40.716021,-73.999744,27,43,0,0.630769231
356,2417,-6,40.716226,-73.982612,0,23,0,1
361,2417,-13,40.716059,-73.991908,2,43,0,0.451111111
386,2417,10,40.714948,-74.002345,42,43,0,0.238333333
410,2417,-10,40.720664,-73.98518,1,35,0,0.983888889
473,2417,-10,40.721101,-73.991925,0,38,0,0.884615385
531,2417,-9,40.718939,-73.992663,0,39,0,0.629
3427,2417,8,40.724305,-73.99601,37,40,0,0.984285714
3435,2417,-2,40.718822,-73.99596,15,45,0,0.330588235
3041,2620,0,40.678907,-73.941428,15,24,0,0.191875
3043,2620,0,40.68146,-73.934903,10,19,0,0.116
3044,2620,0,40.680011,-73.938475,10,22,0,0.073157895
261,2620,-10,40.694749,-73.983625,3,27,0,0.241176471
270,2620,-12,40.693083,-73.971789,4,27,0,0.285625
344,2620,-3,40.685144,-73.953809,4,23,0,0.177333333
366,2620,-3,40.693261,-73.968896,2,33,0,0.296470588
437,2620,4,40.680983,-73.950048,24,24,0,0.335833333
3042,2620,7,40.679427,-73.929891,8,19,0,0.235
3046,2620,-6,40.682601,-73.938037,7,19,0,0.28125
3047,2620,3,40.682369,-73.944118,14,21,0,0.246923077
3052,2620,-10,40.686312,-73.935775,10,23,0,0.488333333
3053,2620,4,40.690081,-73.947915,18,23,0,0.11375
3058,2620,10,40.692371,-73.937054,18,24,0,0.14
3064,2620,7,40.69682,-73.937569,33,35,0,0.392592593
409,2686,0,40.690649,-73.956431,10,19,0,0.250666667
3063,2686,0,40.69527,-73.952381,2,23,0,0.112
3179,2686,0,40.698617,-73.941342,15,24,0,0.068571429
372,2686,-24,40.694528,-73.958089,0,27,0,0.243529412
373,2686,-6,40.693317,-73.95382,6,19,0,0.203636364
3061,2686,-3,40.696229,-73.943711,15,21,0,0.114210526
3062,2686,2,40.695398,-73.949549,15,23,0,0.376428571
3064,2686,3,40.69682,-73.937569,33,35,0,0.392592593
3065,2686,3,40.700295,-73.950323,14,39,0,0.09
3066,2686,8,40.699576,-73.947084,15,18,0,0.211818182
3067,2686,-16,40.701666,-73.94373,3,27,0,0.19
3068,2686,-5,40.703172,-73.940636,12,24,0,0.238
3070,2686,-1,40.705109,-73.944073,18,23,0,0.342857143
3072,2686,14,40.705833,-73.946446,22,24,0,0.292
3073,2686,4,40.706913,-73.954417,29,33,0,0.188333333
3074,2686,1,40.707678,-73.940162,12,31,0,0.3175
3075,2686,4,40.707087,-73.957968,32,39,0,0.060606061
3076,2686,-1,40.708704,-73.944862,11,24,0,0.319285714
3079,2686,18,40.711035,-73.947143,25,27,0,0.17
3081,2686,-2,40.711863,-73.944024,21,23,0,0.280714286
3083,2686,18,40.712477,-73.941,27,30,0,0.22
3086,2686,8,40.715143,-73.944507,24,25,0,0.380714286
3094,2686,-7,40.716981,-73.944859,3,35,0,0.103333333
3016,2725,0,40.720368,-73.961651,5,24,0,0.454285714
3103,2725,0,40.721533,-73.957824,14,23,0,0.3825
3430,2725,0,40.719079,-73.942237,12,19,0,0.88
282,2725,-5,40.707645,-73.968415,14,27,0,0.484444444
443,2725,-2,40.708531,-73.96409,15,23,0,0.19
471,2725,-5,40.712868,-73.956981,7,31,0,0.439473684
532,2725,-9,40.710451,-73.960876,19,43,0,0.488095238
539,2725,-10,40.715348,-73.960241,6,31,0,0.348
2005,2725,4,40.705312,-73.971001,6,12,0,0.59
3073,2725,6,40.706913,-73.954417,29,33,0,0.188333333
3075,2725,2,40.707087,-73.957968,32,39,0,0.060606061
3078,2725,8,40.709256,-73.959822,25,27,0,0.366666667
3080,2725,-3,40.70934,-73.95608,17,21,0,0.156
3087,2725,3,40.714133,-73.952344,20,30,0,0.3225
3088,2725,3,40.716075,-73.952029,16,19,0,0.303333333
3089,2725,-5,40.717318,-73.948202,16,19,0,0.207142857
3090,2725,6,40.717746,-73.956001,17,31,0,0.9375
3091,2725,10,40.71764,-73.94882,28,31,0,0.14
3092,2725,10,40.719009,-73.958525,25,27,0,0.606666667
3093,2725,9,40.717452,-73.958509,26,28,0,0.32
3094,2725,-5,40.716981,-73.944859,3,35,0,0.103333333
3095,2725,7,40.719293,-73.945004,18,23,0,0.396363636
3096,2725,6,40.71924,-73.95242,34,39,0,0.196190476
3098,2725,-1,40.71928,-73.94861,34,39,0,0.118888889
3099,2725,9,40.721522,-73.948983,34,39,0,0.185714286
3100,2725,-7,40.724813,-73.947526,22,39,0,0.533636364
3101,2725,5,40.720798,-73.954847,25,27,0,0.523333333
3106,2725,-11,40.72325,-73.94308,0,19,0,0.616
3107,2725,3,40.723117,-73.952123,24,39,0,0.285882353
3108,2725,-13,40.72557,-73.94434,4,24,0,0.608
3111,2725,-10,40.725848,-73.950649,6,27,0,0.301538462
3112,2725,6,40.72906,-73.95779,28,33,0,0.494375
3105,2867,0,40.724055,-73.955736,15,24,0,0.297333333
3120,2867,0,40.74161,-73.96044,1,19,0,0.19
3121,2867,0,40.745248,-73.947333,14,27,0,0.283571429
3237,2867,0,40.753833,-73.942677,17,23,0,0.55
516,2867,9,40.752069,-73.967844,27,31,0,0.18
2022,2867,-2,40.759107,-73.959223,12,35,0,0.015588235
3109,2867,-4,40.72606,-73.95621,4,31,0,0.27
3110,2867,-7,40.727086,-73.952991,6,27,0,0.426
3113,2867,-3,40.73026,-73.95394,4,27,0,0.443888889
3114,2867,2,40.731651,-73.961619,4,27,0,0.55
3115,2867,-3,40.732322,-73.955086,6,34,0,0.30625
3116,2867,-6,40.73266,-73.95826,0,35,0,0.36
3117,2867,-3,40.73564,-73.95866,7,27,0,0.4245
3118,2867,-7,40.73555,-73.95284,9,30,0,0.316923077
3119,2867,12,40.742327,-73.954117,28,45,0,0.21972973
3122,2867,-6,40.744363,-73.955873,0,31,0,0.127826087
3123,2867,8,40.744697,-73.935404,16,27,0,0.68
3124,2867,-6,40.74731,-73.95451,4,27,0,0.183333333
3125,2867,-4,40.747086,-73.949772,3,23,0,0.206666667
3126,2867,6,40.747182,-73.943264,13,34,0,0.209
3127,2867,-5,40.74966,-73.9521,3,35,0,0.295
3128,2867,-3,40.750525,-73.945948,18,23,0,0.49
3129,2867,-3,40.751102,-73.940737,12,31,0,0.515384615
3221,2867,6,40.743,-73.93561,12,27,0,0.174
385,3027,5,40.757973,-73.966033,32,39,0,0.349230769
3131,3027,0,40.767128,-73.962246,1,23,0,0.250833333
305,3027,6,40.760958,-73.967245,30,33,0,0.698333333
359,3027,8,40.755103,-73.974987,52,53,0,0.999375
385,3027,5,40.757973,-73.966033,32,39,0,0.349230769
441,3027,4,40.756014,-73.967416,32,35,0,0.732631579
3139,3027,-5,40.771183,-73.964094,6,31,0,0.365555556
3140,3027,-12,40.771404,-73.953517,0,55,0,0.478076923
3141,3027,11,40.765005,-73.958185,53,59,0,0.73755102
3146,3027,-9,40.77573,-73.956753,26,47,0,0.172666667
3152,3027,4,40.768737,-73.961199,37,42,0,0.080666667
3153,3027,3,40.768175,-73.959103,37,42,0,0.115625
3154,3027,2,40.773142,-73.958562,37,42,0,0.9775
3155,3027,5,40.7644,-73.96649,29,37,0,0.205294118
3156,3027,4,40.766638,-73.953483,37,39,0,0.562962963
3223,3027,6,40.758997,-73.968654,50,54,0,0.291764706
3231,3027,4,40.767801,-73.965921,39,39,0,0.144117647
3238,3027,-11,40.773914,-73.954395,2,37,0,0.283888889
3264,3027,3,40.76421,-73.969105,48,59,0,0.175
3355,3027,3,40.767389,-73.968911,25,25,0,0.5325
3359,3027,3,40.769157,-73.967035,34,35,0,0.429285714
3362,3027,-11,40.778131,-73.960694,17,34,0,0.166666667
3372,3027,-12,40.768974,-73.954823,10,39,0,0.298461538
359,3028,4,40.755103,-73.974987,52,53,0,0.999375
228,3028,10,40.754601,-73.971879,53,55,0,0.786521739
522,3028,12,40.757148,-73.972078,50,51,0,0.443888889
3134,3028,11,40.763126,-73.965269,49,51,0,0.188695652
3135,3028,10,40.771129,-73.957723,27,41,0,0.482083333
3137,3028,8,40.772828,-73.966853,20,31,0,0.945
3139,3028,-17,40.771183,-73.964094,6,31,0,0.365555556
3140,3028,-15,40.771404,-73.953517,0,55,0,0.478076923
3142,3028,6,40.761227,-73.96094,23,41,0,0.399333333
3143,3028,10,40.776829,-73.963888,46,47,0,0.231304348
3144,3028,8,40.776777,-73.95901,42,46,0,0.1755
3145,3028,-9,40.778627,-73.957721,30,45,0,0.248928571
3155,3028,5,40.7644,-73.96649,29,37,0,0.205294118
3238,3028,-16,40.773914,-73.954395,2,37,0,0.283888889
3370,3028,-6,40.772797,-73.955778,16,25,0,0.419090909
3372,3028,-14,40.768974,-73.954823,10,39,0,0.298461538
3375,3028,9,40.769943,-73.960607,29,35,0,0.151428571
3376,3028,4,40.765116,-73.963164,29,39,0,0.16
3378,3028,6,40.773763,-73.962221,25,27,0,0.023846154
3371,3636,0,40.677185,-73.986306,0,27,0,0.255
3381,3636,0,40.677729,-73.993641,8,21,0,0.2025
3384,3636,0,40.678724,-73.995991,0,23,0,0.143076923
3395,3636,0,40.676374,-74.00325,1,19,0,0.51
353,3636,-3,40.685396,-73.974315,7,23,0,0.291818182
395,3636,9,40.68807,-73.984106,38,41,0,0.155
3300,3636,4,40.665082,-73.976231,19,25,0,0.11826087
3306,3636,18,40.666208,-73.981999,21,23,0,0.25
3310,3636,6,40.663779,-73.983968,17,24,0,0.113043478
3313,3636,5,40.666318,-73.985462,14,29,0,0.098235294
3319,3636,5,40.666287,-73.988951,10,21,0,0.194166667
3324,3636,6,40.668546,-73.993333,16,25,0,0.020416667
3326,3636,-6,40.67434,-74.001947,6,34,0,0.013333333
3337,3636,5,40.672415,-74.011802,12,23,0,0.024545455
3373,3636,-17,40.67507,-73.987752,6,27,0,0.157142857
3382,3636,-8,40.680611,-73.994758,16,30,0,0.216086957
3398,3636,-10,40.674696,-73.997858,5,23,0,0.243333333
3403,3636,6,40.670513,-73.988766,24,31,0,0.226666667
3418,3636,2,40.675021,-73.971115,13,33,0,0.472777778
3423,3636,3,40.661155,-73.979369,9,29,0,0.325
3171,3811,7,40.785247,-73.976673,19,39,0,0.374642857
3177,3811,-8,40.786795,-73.977112,19,63,0,0.22
3285,3811,11,40.78839,-73.9747,25,43,0,0.393793103
3287,3811,18,40.789693,-73.977784,30,39,0,0.298095238
3291,3811,9,40.793372,-73.976851,12,35,0,0.085
3294,3811,20,40.783502,-73.955327,35,38,0,0.265714286
3301,3811,-15,40.791956,-73.968087,0,39,0,0.375555556
3312,3811,-10,40.781721,-73.94594,5,39,0,0.384666667
3316,3811,10,40.798994,-73.966217,24,47,0,0.164210526
3323,3811,-15,40.798186,-73.960591,0,59,0,0.319714286
3327,3811,-11,40.787721,-73.947283,0,35,0,0.086785714
3331,3811,-16,40.801343,-73.971146,2,39,0,0.159230769
3343,3811,-9,40.799757,-73.962113,2,23,0,0.227857143
3350,3811,8,40.797372,-73.970412,14,39,0,0.116969697
3366,3811,9,40.802117,-73.968181,12,31,0,0.21375
3374,3811,-15,40.799484,-73.955613,2,36,0,0.136666667
3383,3811,3,40.804213,-73.966991,6,25,0,0.327222222
3434,3811,-11,40.790254,-73.977183,3,35,0,0.512142857
3282,3870,0,40.78307,-73.95939,5,19,0,0.793076923
3336,3870,0,40.787801,-73.953559,4,27,0,0.445714286
3391,3870,0,40.789253,-73.939562,13,25,0,0.1575
3157,3870,10,40.775186,-73.944461,19,27,0,0.265
3292,3870,17,40.785785,-73.957481,37,43,0,0.163809524
3309,3870,14,40.78592,-73.948603,28,30,0,0.016551724
3312,3870,-10,40.781721,-73.94594,5,39,0,0.384666667
3318,3870,-16,40.783964,-73.947167,21,39,0,0.323793103
3325,3870,5,40.784903,-73.950503,17,31,0,0.121176471
3327,3870,-14,40.787721,-73.947283,0,35,0,0.086785714
3345,3870,14,40.78928,-73.95261,33,35,0,0.371
3351,3870,6,40.786995,-73.941648,10,25,0,0.178571429
3363,3870,9,40.790483,-73.950331,29,33,0,0.122727273
3367,3870,14,40.792255,-73.952499,32,39,0,0.015405405
3379,3870,-8,40.790305,-73.947558,23,35,0,0.192352941
3387,3870,-10,40.793434,-73.94945,6,25,0,0.023333333
3390,3870,-12,40.79329668,-73.9432083,6,24,0,0.250714286
3400,3870,-14,40.796154,-73.947821,1,24,0,0.223333333
3424,3870,8,40.791976,-73.945993,18,27,0,0.209375
3425,3870,11,40.789211,-73.943708,23,33,0,0.28