target_station_id,date,hour,period,pickup,dropoff,is_empty_0,is_empty_1,is_full_0,is_full_1,temperature,humidity,visibility,windspeed,condition,weekday
510,2017-01-01,1,1,0,0,0,9,9,0,44.1,49.0,10.0,4.6,1.0,6
510,2017-01-01,1,2,0,0,0,30,30,0,44.1,49.0,10.0,4.6,1.0,6
510,2017-01-01,2,1,0,0,0,30,30,0,45.0,46.0,10.0,3.5,1.0,6
510,2017-01-01,2,2,0,0,0,30,30,0,45.0,46.0,10.0,3.5,1.0,6
510,2017-01-01,3,1,0,0,0,30,30,0,44.1,47.0,10.0,10.4,1.0,6
510,2017-01-01,3,2,0,0,0,30,30,0,44.1,47.0,10.0,10.4,1.0,6
510,2017-01-01,4,1,0,0,0,30,30,0,45.0,44.0,10.0,6.9,1.0,6
510,2017-01-01,4,2,0,0,0,30,30,0,45.0,44.0,10.0,6.9,1.0,6
510,2017-01-01,5,1,0,0,0,30,30,0,44.1,47.0,10.0,3.5,1.0,6
510,2017-01-01,5,2,0,0,0,30,30,0,44.1,47.0,10.0,3.5,1.0,6
510,2017-01-01,6,1,0,0,0,30,30,0,44.1,47.0,10.0,3.5,1.0,6
510,2017-01-01,6,2,0,0,0,30,30,0,44.1,47.0,10.0,3.5,1.0,6
510,2017-01-01,7,1,0,0,0,30,30,0,44.1,49.0,10.0,8.099999999999998,1.0,6
510,2017-01-01,7,2,0,0,0,30,30,0,44.1,49.0,10.0,8.099999999999998,1.0,6
510,2017-01-01,8,1,0,0,0,30,30,0,44.1,49.0,10.0,5.8,1.0,6
510,2017-01-01,8,2,0,0,0,30,30,0,44.1,49.0,10.0,5.8,1.0,6
510,2017-01-01,9,1,0,0,0,30,30,0,46.0,50.0,10.0,9.2,1.0,6
510,2017-01-01,9,2,0,0,0,30,30,0,46.0,50.0,10.0,9.2,1.0,6
510,2017-01-01,10,1,0,0,0,30,30,0,45.0,42.0,10.0,11.5,1.0,6
510,2017-01-01,10,2,0,0,0,30,30,0,45.0,42.0,10.0,11.5,1.0,6
510,2017-01-01,11,1,0,0,0,30,30,0,46.0,40.0,10.0,3.5,1.0,6
510,2017-01-01,11,2,0,0,0,30,30,0,46.0,40.0,10.0,3.5,1.0,6
510,2017-01-01,12,1,0,0,0,30,30,0,46.9,37.0,10.0,3.5,1.0,6
510,2017-01-01,12,2,0,0,0,30,30,0,46.9,37.0,10.0,3.5,1.0,6
510,2017-01-01,13,1,0,0,0,30,30,0,46.9,34.0,10.0,4.6,1.0,6
510,2017-01-01,13,2,0,0,0,30,30,0,46.9,34.0,10.0,4.6,1.0,6
510,2017-01-01,14,1,0,0,0,30,30,0,46.9,32.0,10.0,4.6,1.0,6
510,2017-01-01,14,2,0,0,0,30,30,0,46.9,32.0,10.0,4.6,1.0,6
510,2017-01-01,15,1,0,0,0,30,30,0,46.9,32.0,10.0,5.8,1.0,6
510,2017-01-01,15,2,0,0,0,30,30,0,46.9,32.0,10.0,5.8,1.0,6
510,2017-01-01,16,1,0,0,0,30,30,0,46.0,31.0,10.0,3.5,1.0,6
510,2017-01-01,16,2,0,0,0,30,30,0,46.0,31.0,10.0,3.5,1.0,6
510,2017-01-01,17,1,0,0,0,30,30,0,45.0,31.0,10.0,3.5,1.0,6
510,2017-01-01,17,2,0,0,0,30,30,0,45.0,31.0,10.0,3.5,1.0,6
510,2017-01-01,18,1,0,0,0,30,30,0,43.0,38.0,10.0,3.5,1.0,6
510,2017-01-01,18,2,0,0,0,30,30,0,43.0,38.0,10.0,3.5,1.0,6
510,2017-01-01,19,1,0,0,0,30,30,0,41.0,43.0,10.0,4.6,1.0,6
510,2017-01-01,19,2,0,0,0,30,30,0,41.0,43.0,10.0,4.6,1.0,6
510,2017-01-01,20,1,0,0,0,30,30,0,42.1,38.0,10.0,5.8,1.0,6
510,2017-01-01,20,2,0,0,0,30,30,0,42.1,38.0,10.0,5.8,1.0,6
510,2017-01-01,21,1,0,0,0,30,30,0,42.1,38.0,10.0,4.6,1.0,6
510,2017-01-01,21,2,0,0,0,30,30,0,42.1,38.0,10.0,4.6,1.0,6
510,2017-01-01,22,1,0,0,0,30,30,0,41.0,41.0,10.0,4.6,1.0,6
510,2017-01-01,22,2,0,0,0,30,30,0,41.0,41.0,10.0,4.6,1.0,6
510,2017-01-01,23,1,0,0,0,30,30,0,41.0,43.0,10.0,8.099999999999998,1.0,6
510,2017-01-01,23,2,0,0,0,30,30,0,41.0,43.0,10.0,8.099999999999998,1.0,6
510,2017-01-02,0,1,0,0,0,30,30,0,39.9,51.0,10.0,8.099999999999998,1.0,0
510,2017-01-02,0,2,0,0,0,30,30,0,39.9,51.0,10.0,8.099999999999998,1.0,0
510,2017-01-02,1,1,0,0,0,30,30,0,37.9,68.0,10.0,9.2,1.0,0
510,2017-01-02,1,2,0,0,0,30,30,0,37.9,68.0,10.0,9.2,1.0,0
510,2017-01-02,2,1,0,0,0,30,30,0,37.9,65.0,10.0,5.8,1.0,0
510,2017-01-02,2,2,0,0,0,30,30,0,37.9,65.0,10.0,5.8,1.0,0
510,2017-01-02,3,1,0,0,0,30,30,0,39.0,55.0,10.0,6.9,1.0,0
510,2017-01-02,3,2,0,0,0,30,30,0,39.0,55.0,10.0,6.9,1.0,0
510,2017-01-02,4,1,0,0,0,30,30,0,37.9,60.0,10.0,6.9,1.0,0
510,2017-01-02,4,2,0,0,0,30,30,0,37.9,60.0,10.0,6.9,1.0,0
510,2017-01-02,5,1,0,0,0,30,30,0,37.9,57.0,10.0,6.9,1.0,0
510,2017-01-02,5,2,0,0,0,30,30,0,37.9,57.0,10.0,6.9,1.0,0
510,2017-01-02,6,1,0,0,0,30,30,0,39.0,55.0,10.0,6.9,1.0,0
510,2017-01-02,6,2,0,0,0,30,30,0,39.0,55.0,10.0,6.9,1.0,0
510,2017-01-02,7,1,0,0,0,30,30,0,37.0,76.0,10.0,6.9,1.0,0
510,2017-01-02,7,2,0,0,0,30,30,0,37.0,76.0,10.0,6.9,1.0,0
510,2017-01-02,8,1,0,0,0,30,30,0,37.0,86.0,7.0,4.6,1.0,0
510,2017-01-02,8,2,0,0,0,30,30,0,37.0,86.0,7.0,4.6,1.0,0
510,2017-01-02,9,1,0,0,0,30,30,0,39.0,82.0,10.0,9.2,1.0,0
510,2017-01-02,9,2,0,0,0,30,30,0,39.0,82.0,10.0,9.2,1.0,0
510,2017-01-02,10,1,0,0,0,30,30,0,39.9,79.0,10.0,8.099999999999998,1.0,0
510,2017-01-02,10,2,0,0,0,30,30,0,39.9,79.0,10.0,8.099999999999998,1.0,0
510,2017-01-02,11,1,0,0,0,30,30,0,39.0,82.0,10.0,9.2,1.0,0
510,2017-01-02,11,2,0,0,0,30,30,0,39.0,82.0,10.0,9.2,1.0,0
510,2017-01-02,12,1,0,0,0,30,30,0,39.0,89.0,7.0,10.4,1.0,0
510,2017-01-02,12,2,0,0,0,30,30,0,39.0,89.0,7.0,10.4,1.0,0
510,2017-01-02,13,1,0,0,0,30,30,0,39.0,89.0,5.0,9.2,1.0,0
510,2017-01-02,13,2,0,0,0,30,30,0,39.0,89.0,5.0,9.2,1.0,0
510,2017-01-02,14,1,0,0,0,30,30,0,39.06666666666667,93.0,5.0,10.766666666666666,3.0,0
510,2017-01-02,14,2,0,0,0,30,30,0,39.06666666666667,93.0,5.0,10.766666666666666,3.0,0
510,2017-01-02,15,1,0,0,0,30,30,0,39.3,91.66666666666669,7.0,9.23333333333333,2.0,0
510,2017-01-02,15,2,0,0,0,30,30,0,39.3,91.66666666666669,7.0,9.23333333333333,2.0,0
510,2017-01-02,16,1,0,0,0,30,30,0,39.0,93.0,4.0,8.099999999999998,1.0,0
510,2017-01-02,16,2,0,0,0,30,30,0,39.0,93.0,4.0,8.099999999999998,1.0,0
510,2017-01-02,17,1,0,0,0,30,30,0,39.0,93.0,3.0,11.5,1.0,0
510,2017-01-02,17,2,0,0,0,30,30,0,39.0,93.0,3.0,11.5,1.0,0
510,2017-01-02,18,1,0,0,0,30,30,0,39.0,96.0,3.1666666666666665,10.766666666666666,2.0,0
510,2017-01-02,18,2,0,0,0,30,30,0,39.0,96.0,3.1666666666666665,10.766666666666666,2.0,0
510,2017-01-02,19,1,0,0,0,30,30,0,39.0,96.0,6.0,12.7,1.0,0
510,2017-01-02,19,2,0,0,0,30,30,0,39.0,96.0,6.0,12.7,1.0,0
510,2017-01-02,20,1,0,0,0,30,30,0,39.0,96.0,6.0,15.0,1.0,0
510,2017-01-02,20,2,0,0,0,30,30,0,39.0,96.0,6.0,15.0,1.0,0
510,2017-01-02,21,1,0,0,0,30,30,0,39.0,96.0,5.0,11.5,1.0,0
510,2017-01-02,21,2,0,0,0,30,30,0,39.0,96.0,5.0,11.5,1.0,0
510,2017-01-02,22,1,0,0,0,30,30,0,39.0,96.0,5.0,8.099999999999998,1.0,0
510,2017-01-02,22,2,0,0,0,30,30,0,39.0,96.0,5.0,8.099999999999998,1.0,0
510,2017-01-02,23,1,0,0,0,30,30,0,39.0,93.0,2.5,10.4,1.0,0
510,2017-01-02,23,2,0,0,0,30,30,0,39.0,93.0,2.5,10.4,1.0,0
510,2017-01-03,0,1,0,0,0,30,30,0,39.0,96.0,3.0,13.25,2.0,1
510,2017-01-03,0,2,0,0,0,30,30,0,39.0,96.0,3.0,13.25,2.0,1
510,2017-01-03,1,1,0,0,0,30,30,0,39.0,96.0,2.5,12.7,2.0,1
510,2017-01-03,1,2,0,0,0,30,30,0,39.0,96.0,2.5,12.7,2.0,1
510,2017-01-03,2,1,0,0,0,30,30,0,39.0,96.0,3.5,10.95,1.0,1
510,2017-01-03,2,2,0,0,0,30,30,0,39.0,96.0,3.5,10.95,1.0,1
510,2017-01-03,3,1,0,0,0,30,30,0,39.0,96.0,6.0,8.099999999999998,1.0,1
510,2017-01-03,3,2,0,0,0,30,30,0,39.0,96.0,6.0,8.099999999999998,1.0,1
510,2017-01-03,4,1,0,0,0,30,30,0,39.0,96.0,4.0,9.2,1.0,1
510,2017-01-03,4,2,0,0,0,30,30,0,39.0,96.0,4.0,9.2,1.0,1
510,2017-01-03,5,1,0,0,0,30,30,0,39.0,96.0,5.0,10.4,1.0,1
510,2017-01-03,5,2,0,0,0,30,30,0,39.0,96.0,5.0,10.4,1.0,1
510,2017-01-03,6,1,0,0,0,30,30,0,39.0,96.0,10.0,12.7,1.0,1
510,2017-01-03,6,2,0,0,0,30,30,0,39.0,96.0,10.0,12.7,1.0,1
510,2017-01-03,7,1,0,0,0,30,30,0,39.0,100.0,5.0,11.5,1.0,1
510,2017-01-03,7,2,0,0,0,30,30,0,39.0,100.0,5.0,11.5,1.0,1
510,2017-01-03,8,1,0,0,0,30,30,0,39.9,97.0,3.25,13.25,2.0,1
510,2017-01-03,8,2,0,0,0,30,30,0,39.9,97.0,3.25,13.25,2.0,1
510,2017-01-03,9,1,0,0,0,30,30,0,39.9,97.0,2.0,15.0,1.0,1
510,2017-01-03,9,2,0,0,0,30,30,0,39.9,97.0,2.0,15.0,1.0,1
510,2017-01-03,10,1,0,0,0,30,30,0,39.9,100.0,3.0,14.4,2.0,1
510,2017-01-03,10,2,0,0,0,30,30,0,39.9,100.0,3.0,14.4,2.0,1
510,2017-01-03,11,1,0,0,0,30,30,0,40.266666666666666,98.66666666666669,3.0,14.6,3.0,1
510,2017-01-03,11,2,0,0,0,30,30,0,40.266666666666666,98.66666666666669,3.0,14.6,3.0,1
510,2017-01-03,12,1,0,0,0,30,30,0,41.0,100.0,2.25,14.95,2.0,1
510,2017-01-03,12,2,0,0,0,30,30,0,41.0,100.0,2.25,14.95,2.0,1
510,2017-01-03,13,1,0,0,0,30,30,0,41.0,100.0,2.333333333333333,15.0,3.0,1
510,2017-01-03,13,2,0,0,0,30,30,0,41.0,100.0,2.333333333333333,15.0,3.0,1
510,2017-01-03,14,1,0,0,0,30,30,0,41.73333333333333,97.33333333333333,3.0,14.966666666666669,3.0,1
510,2017-01-03,14,2,0,0,0,30,30,0,41.73333333333333,97.33333333333333,3.0,14.966666666666669,3.0,1
510,2017-01-03,15,1,0,0,0,30,30,0,42.1,97.0,1.95,14.425,4.0,1
510,2017-01-03,15,2,0,0,0,30,30,0,42.1,97.0,1.95,14.425,4.0,1
510,2017-01-03,16,1,0,0,0,30,30,0,42.4,99.0,5.833333333333333,14.6,2.0,1
510,2017-01-03,16,2,0,0,0,30,30,0,42.4,99.0,5.833333333333333,14.6,2.0,1
510,2017-01-03,17,1,0,0,0,30,30,0,43.0,97.0,3.0,10.4,1.0,1
510,2017-01-03,17,2,0,0,0,30,30,0,43.0,97.0,3.0,10.4,1.0,1
510,2017-01-03,18,1,0,0,0,30,30,0,43.0,98.5,2.25,12.7,1.0,1
510,2017-01-03,18,2,0,0,0,30,30,0,43.0,98.5,2.25,12.7,1.0,1
510,2017-01-03,19,1,0,0,0,30,30,0,43.0,100.0,3.0,6.9,2.0,1
510,2017-01-03,19,2,0,0,0,30,30,0,43.0,100.0,3.0,6.9,2.0,1
510,2017-01-03,20,1,0,0,0,30,30,0,42.55,98.5,2.25,4.05,2.0,1
510,2017-01-03,20,2,0,0,0,30,30,0,42.55,98.5,2.25,4.05,2.0,1
510,2017-01-03,21,1,0,0,0,30,30,0,41.36666666666667,100.0,2.2666666666666666,3.5,3.0,1
510,2017-01-03,21,2,0,0,0,30,30,0,41.36666666666667,100.0,2.2666666666666666,3.5,3.0,1
510,2017-01-03,22,1,0,0,0,30,30,0,41.0,100.0,3.5,4.05,2.0,1
510,2017-01-03,22,2,0,0,0,30,30,0,41.0,100.0,3.5,4.05,2.0,1
510,2017-01-03,23,1,0,0,0,30,30,0,41.0,98.0,8.5,3.5,1.0,1
510,2017-01-03,23,2,0,0,0,30,30,0,41.0,98.0,8.5,3.5,1.0,1
510,2017-01-04,0,1,0,0,0,30,30,0,41.0,96.0,6.5,4.65,2.0,2
510,2017-01-04,0,2,0,0,0,30,30,0,41.0,96.0,6.5,4.65,2.0,2
510,2017-01-04,1,1,0,0,0,30,30,0,40.633333333333326,95.33333333333333,9.333333333333332,5.033333333333334,3.0,2
510,2017-01-04,1,2,0,0,0,30,30,0,40.633333333333326,95.33333333333333,9.333333333333332,5.033333333333334,3.0,2
510,2017-01-04,2,1,0,0,0,30,30,0,41.0,94.5,10.0,4.65,2.0,2
510,2017-01-04,2,2,0,0,0,30,30,0,41.0,94.5,10.0,4.65,2.0,2
510,2017-01-04,3,1,0,0,0,30,30,0,42.1,90.5,10.0,4.05,2.0,2
510,2017-01-04,3,2,0,0,0,30,30,0,42.1,90.5,10.0,4.05,2.0,2
510,2017-01-04,4,1,0,0,0,30,30,0,42.45,88.0,10.0,4.6,2.0,2
510,2017-01-04,4,2,0,0,0,30,30,0,42.45,88.0,10.0,4.6,2.0,2
510,2017-01-04,5,1,0,0,0,30,30,0,42.1,89.0,9.0,8.099999999999998,1.0,2
510,2017-01-04,5,2,0,0,0,30,30,0,42.1,89.0,9.0,8.099999999999998,1.0,2
510,2017-01-04,6,1,0,0,0,30,30,0,43.0,89.0,7.0,9.2,1.0,2
510,2017-01-04,6,2,0,0,0,30,30,0,43.0,89.0,7.0,9.2,1.0,2
510,2017-01-04,7,1,0,0,0,30,30,0,43.0,93.0,5.0,4.6,1.0,2
510,2017-01-04,7,2,0,0,0,30,30,0,43.0,93.0,5.0,4.6,1.0,2
510,2017-01-04,8,1,0,0,0,30,30,0,44.55,87.5,5.5,5.75,4.0,2
510,2017-01-04,8,2,0,0,0,30,30,0,44.55,87.5,5.5,5.75,4.0,2
510,2017-01-04,9,1,0,0,0,30,30,0,45.66666666666666,85.0,6.666666666666667,10.4,3.0,2
510,2017-01-04,9,2,0,0,0,30,30,0,45.66666666666666,85.0,6.666666666666667,10.4,3.0,2
510,2017-01-04,10,1,0,0,0,30,30,0,47.45,78.5,10.0,4.6,2.0,2
510,2017-01-04,10,2,0,0,0,30,30,0,47.45,78.5,10.0,4.6,2.0,2
510,2017-01-04,11,1,0,0,0,30,30,0,48.0,77.0,10.0,6.9,2.0,2
510,2017-01-04,11,2,0,0,0,30,30,0,48.0,77.0,10.0,6.9,2.0,2
510,2017-01-04,12,1,0,0,0,30,30,0,50.0,72.5,10.0,4.6,2.0,2
510,2017-01-04,12,2,0,0,0,30,30,0,50.0,72.5,10.0,4.6,2.0,2
510,2017-01-04,13,1,0,0,0,30,30,0,51.1,61.0,10.0,11.5,1.0,2
510,2017-01-04,13,2,0,0,0,30,30,0,51.1,61.0,10.0,11.5,1.0,2
510,2017-01-04,14,1,0,0,0,30,30,0,52.0,50.0,10.0,4.65,1.0,2
510,2017-01-04,14,2,0,0,0,30,30,0,52.0,50.0,10.0,4.65,1.0,2
510,2017-01-04,15,1,0,0,0,30,30,0,50.0,39.0,10.0,11.5,1.0,2
510,2017-01-04,15,2,0,0,0,30,30,0,50.0,39.0,10.0,11.5,1.0,2
510,2017-01-04,16,1,0,0,0,30,30,0,46.9,41.0,10.0,16.1,1.0,2
510,2017-01-04,16,2,0,0,0,30,30,0,46.9,41.0,10.0,16.1,1.0,2
510,2017-01-04,17,1,0,0,0,30,30,0,45.0,42.0,10.0,12.7,1.0,2
510,2017-01-04,17,2,0,0,0,30,30,0,45.0,42.0,10.0,12.7,1.0,2
510,2017-01-04,18,1,0,0,0,30,30,0,44.1,37.0,10.0,17.3,1.0,2
510,2017-01-04,18,2,0,0,0,30,30,0,44.1,37.0,10.0,17.3,1.0,2
510,2017-01-04,19,1,0,0,0,30,30,0,41.0,32.0,10.0,12.7,1.0,2
510,2017-01-04,19,2,0,0,0,30,30,0,41.0,32.0,10.0,12.7,1.0,2
510,2017-01-04,20,1,0,0,0,30,30,0,39.0,30.0,10.0,4.65,1.0,2
510,2017-01-04,20,2,0,0,0,30,30,0,39.0,30.0,10.0,4.65,1.0,2
510,2017-01-04,21,1,0,0,0,30,30,0,37.0,37.0,10.0,10.4,1.0,2
510,2017-01-04,21,2,0,0,0,30,30,0,37.0,37.0,10.0,10.4,1.0,2
510,2017-01-04,22,1,0,0,0,30,30,0,35.1,37.0,10.0,5.8,1.0,2
510,2017-01-04,22,2,0,0,0,30,30,0,35.1,37.0,10.0,5.8,1.0,2
510,2017-01-04,23,1,0,0,0,30,30,0,34.0,38.0,10.0,4.65,1.0,2
510,2017-01-04,23,2,0,0,0,30,30,0,34.0,38.0,10.0,4.65,1.0,2
510,2017-01-05,0,1,0,0,0,30,30,0,33.1,40.0,10.0,6.9,1.0,3
510,2017-01-05,0,2,0,0,0,30,30,0,33.1,40.0,10.0,6.9,1.0,3
510,2017-01-05,1,1,0,0,0,30,30,0,30.9,42.0,10.0,4.6,1.0,3
510,2017-01-05,1,2,0,0,0,30,30,0,30.9,42.0,10.0,4.6,1.0,3
510,2017-01-05,2,1,0,0,0,30,30,0,30.0,43.0,10.0,9.2,1.0,3
510,2017-01-05,2,2,0,0,0,30,30,0,30.0,43.0,10.0,9.2,1.0,3
510,2017-01-05,3,1,0,0,0,30,30,0,28.9,45.0,10.0,6.9,1.0,3
510,2017-01-05,3,2,0,0,0,30,30,0,28.9,45.0,10.0,6.9,1.0,3
510,2017-01-05,4,1,0,0,0,30,30,0,28.0,45.0,10.0,9.2,1.0,3
510,2017-01-05,4,2,0,0,0,30,30,0,28.0,45.0,10.0,9.2,1.0,3
510,2017-01-05,5,1,0,0,0,30,30,0,28.0,43.0,10.0,6.9,1.0,3
510,2017-01-05,5,2,0,0,0,30,30,0,28.0,43.0,10.0,6.9,1.0,3
510,2017-01-05,6,1,0,0,0,30,30,0,27.0,43.0,10.0,11.5,1.0,3
510,2017-01-05,6,2,0,0,0,30,30,0,27.0,43.0,10.0,11.5,1.0,3
510,2017-01-05,7,1,0,0,0,30,30,0,27.0,45.0,10.0,12.7,1.0,3
510,2017-01-05,7,2,0,0,0,30,30,0,27.0,45.0,10.0,12.7,1.0,3
510,2017-01-05,8,1,0,0,0,30,30,0,27.0,43.0,10.0,9.2,1.0,3
510,2017-01-05,8,2,0,0,0,30,30,0,27.0,43.0,10.0,9.2,1.0,3
510,2017-01-05,9,1,0,0,0,30,30,0,28.0,41.0,10.0,8.099999999999998,1.0,3
510,2017-01-05,9,2,0,0,0,30,30,0,28.0,41.0,10.0,8.099999999999998,1.0,3
510,2017-01-05,10,1,0,0,0,30,30,0,28.9,40.0,10.0,10.4,1.0,3
510,2017-01-05,10,2,0,0,0,30,30,0,28.9,40.0,10.0,10.4,1.0,3
510,2017-01-05,11,1,0,0,0,30,30,0,28.9,40.0,10.0,8.099999999999998,1.0,3
510,2017-01-05,11,2,0,0,0,30,30,0,28.9,40.0,10.0,8.099999999999998,1.0,3
510,2017-01-05,12,1,0,0,0,30,30,0,30.9,38.0,10.0,9.2,1.0,3
510,2017-01-05,12,2,0,0,0,30,30,0,30.9,38.0,10.0,9.2,1.0,3
510,2017-01-05,13,1,0,0,0,30,30,0,30.9,38.0,10.0,9.2,1.0,3
510,2017-01-05,13,2,0,0,0,30,30,0,30.9,38.0,10.0,9.2,1.0,3
510,2017-01-05,14,1,0,0,0,30,30,0,32.0,38.0,10.0,6.9,1.0,3
510,2017-01-05,14,2,0,0,0,30,30,0,32.0,38.0,10.0,6.9,1.0,3
510,2017-01-05,15,1,0,0,0,30,30,0,32.0,38.0,10.0,6.9,1.0,3
510,2017-01-05,15,2,0,0,0,30,30,0,32.0,38.0,10.0,6.9,1.0,3
510,2017-01-05,16,1,0,0,0,30,30,0,32.0,38.0,10.0,4.6,1.0,3
510,2017-01-05,16,2,0,0,0,30,30,0,32.0,38.0,10.0,4.6,1.0,3
510,2017-01-05,17,1,0,0,0,30,30,0,30.9,42.0,10.0,6.9,1.0,3
510,2017-01-05,17,2,0,0,0,30,30,0,30.9,42.0,10.0,6.9,1.0,3
510,2017-01-05,18,1,0,0,0,30,30,0,32.0,42.0,10.0,12.7,1.0,3
510,2017-01-05,18,2,0,0,0,30,30,0,32.0,42.0,10.0,12.7,1.0,3
510,2017-01-05,19,1,0,0,0,30,30,0,32.0,44.0,10.0,9.2,1.0,3
510,2017-01-05,19,2,0,0,0,30,30,0,32.0,44.0,10.0,9.2,1.0,3
510,2017-01-05,20,1,0,0,0,30,30,0,32.0,44.0,10.0,8.099999999999998,1.0,3
510,2017-01-05,20,2,0,0,0,30,30,0,32.0,44.0,10.0,8.099999999999998,1.0,3
510,2017-01-05,21,1,0,0,0,30,30,0,32.0,44.0,10.0,5.8,1.0,3
510,2017-01-05,21,2,0,0,0,30,30,0,32.0,44.0,10.0,5.8,1.0,3
510,2017-01-05,22,1,0,0,0,30,30,0,30.9,50.0,10.0,6.9,1.0,3
510,2017-01-05,22,2,0,0,0,30,30,0,30.9,50.0,10.0,6.9,1.0,3
510,2017-01-05,23,1,0,0,0,30,30,0,30.9,52.0,10.0,8.099999999999998,1.0,3
510,2017-01-05,23,2,0,0,0,30,30,0,30.9,52.0,10.0,8.099999999999998,1.0,3
510,2017-01-06,0,1,0,0,0,30,30,0,28.96666666666667,75.33333333333333,1.0333333333333334,6.166666666666667,2.0,4
510,2017-01-06,0,2,0,0,0,30,30,0,28.96666666666667,75.33333333333333,1.0333333333333334,6.166666666666667,2.0,4
510,2017-01-06,1,1,0,0,0,30,30,0,28.0,85.0,1.0,4.633333333333333,4.0,4
510,2017-01-06,1,2,0,0,0,30,30,0,28.0,85.0,1.0,4.633333333333333,4.0,4
510,2017-01-06,2,1,0,0,0,30,30,0,27.33333333333333,87.66666666666667,1.0666666666666669,5.75,3.0,4
510,2017-01-06,2,2,0,0,0,30,30,0,27.33333333333333,87.66666666666667,1.0666666666666669,5.75,3.0,4
510,2017-01-06,3,1,0,0,0,30,30,0,27.666666666666668,87.0,4.666666666666667,6.166666666666667,2.0,4
510,2017-01-06,3,2,0,0,0,30,30,0,27.666666666666668,87.0,4.666666666666667,6.166666666666667,2.0,4
510,2017-01-06,4,1,0,0,0,30,30,0,28.0,81.0,6.0,3.5,1.0,4
510,2017-01-06,4,2,0,0,0,30,30,0,28.0,81.0,6.0,3.5,1.0,4
510,2017-01-06,5,1,0,0,0,30,30,0,28.0,78.0,8.0,6.166666666666667,1.0,4
510,2017-01-06,5,2,0,0,0,30,30,0,28.0,78.0,8.0,6.166666666666667,1.0,4
510,2017-01-06,6,1,0,0,0,30,30,0,28.0,78.0,6.0,6.166666666666667,1.0,4
510,2017-01-06,6,2,0,0,0,30,30,0,28.0,78.0,6.0,6.166666666666667,1.0,4
510,2017-01-06,7,1,0,0,0,30,30,0,28.0,78.75,3.325,4.2333333333333325,3.0,4
510,2017-01-06,7,2,0,0,0,30,30,0,28.0,78.75,3.325,4.2333333333333325,3.0,4
510,2017-01-06,8,1,0,0,0,30,30,0,28.9,67.0,10.0,6.166666666666667,1.0,4
510,2017-01-06,8,2,0,0,0,30,30,0,28.9,67.0,10.0,6.166666666666667,1.0,4
510,2017-01-06,9,1,0,0,0,30,30,0,28.9,56.0,9.0,8.099999999999998,1.0,4
510,2017-01-06,9,2,0,0,0,30,30,0,28.9,56.0,9.0,8.099999999999998,1.0,4
510,2017-01-06,10,1,0,0,0,30,30,0,30.9,54.0,10.0,6.9,1.0,4
510,2017-01-06,10,2,0,0,0,30,30,0,30.9,54.0,10.0,6.9,1.0,4
510,2017-01-06,11,1,0,0,0,30,30,0,30.9,52.0,10.0,4.6,1.0,4
510,2017-01-06,11,2,0,0,0,30,30,0,30.9,52.0,10.0,4.6,1.0,4
510,2017-01-06,12,1,0,0,0,30,30,0,33.1,46.0,10.0,3.5,1.0,4
510,2017-01-06,12,2,0,0,0,30,30,0,33.1,46.0,10.0,3.5,1.0,4
510,2017-01-06,13,1,0,0,0,30,30,0,32.0,42.0,10.0,4.6,1.0,4
510,2017-01-06,13,2,0,0,0,30,4,26,32.0,42.0,10.0,4.6,1.0,4
510,2017-01-06,14,1,0,0,0,30,0,30,32.0,40.0,10.0,3.5,1.0,4
510,2017-01-06,14,2,0,0,0,30,0,30,32.0,40.0,10.0,3.5,1.0,4
510,2017-01-06,15,1,0,0,0,30,0,30,32.0,40.0,10.0,8.099999999999998,1.0,4
510,2017-01-06,15,2,0,0,0,30,0,30,32.0,40.0,10.0,8.099999999999998,1.0,4
510,2017-01-06,16,1,0,0,0,30,0,30,32.0,40.0,10.0,5.8,1.0,4
510,2017-01-06,16,2,0,0,0,30,0,30,32.0,40.0,10.0,5.8,1.0,4
510,2017-01-06,17,1,0,0,0,30,0,30,30.9,40.0,10.0,9.2,1.0,4
510,2017-01-06,17,2,0,0,0,30,0,30,30.9,40.0,10.0,9.2,1.0,4
510,2017-01-06,18,1,0,0,0,30,0,30,30.0,40.0,10.0,8.099999999999998,1.0,4
510,2017-01-06,18,2,0,0,0,30,0,30,30.0,40.0,10.0,8.099999999999998,1.0,4
510,2017-01-06,19,1,0,0,0,30,0,30,28.9,43.0,10.0,4.6,1.0,4
510,2017-01-06,19,2,0,0,0,30,0,30,28.9,43.0,10.0,4.6,1.0,4
510,2017-01-06,20,1,0,0,0,30,0,30,28.0,43.0,10.0,9.2,1.0,4
510,2017-01-06,20,2,0,0,0,30,0,30,28.0,43.0,10.0,9.2,1.0,4
510,2017-01-06,21,1,0,0,0,30,0,30,27.0,45.0,10.0,4.6,1.0,4
510,2017-01-06,21,2,0,0,0,30,0,30,27.0,45.0,10.0,4.6,1.0,4
510,2017-01-06,22,1,0,0,0,30,0,30,26.1,44.0,10.0,6.9,1.0,4
510,2017-01-06,22,2,0,0,0,30,0,30,26.1,44.0,10.0,6.9,1.0,4
510,2017-01-06,23,1,0,0,0,30,0,30,25.0,46.0,10.0,3.5,1.0,4
510,2017-01-06,23,2,0,0,0,30,0,30,25.0,46.0,10.0,3.5,1.0,4
510,2017-01-07,0,1,0,0,0,30,0,30,25.0,51.0,10.0,3.5,1.0,5
510,2017-01-07,0,2,0,0,0,30,0,30,25.0,51.0,10.0,3.5,1.0,5
510,2017-01-07,1,1,0,0,0,30,0,30,25.0,53.0,10.0,5.8,1.0,5
510,2017-01-07,1,2,0,0,0,30,0,30,25.0,53.0,10.0,5.8,1.0,5
510,2017-01-07,2,1,0,0,0,30,0,30,25.0,49.0,10.0,9.2,1.0,5
510,2017-01-07,2,2,0,0,0,30,0,30,25.0,49.0,10.0,9.2,1.0,5
510,2017-01-07,3,1,0,0,0,30,0,30,24.1,53.0,10.0,5.8,1.0,5
510,2017-01-07,3,2,0,0,0,30,0,30,24.1,53.0,10.0,5.8,1.0,5
510,2017-01-07,4,1,0,0,0,30,0,30,24.1,44.0,10.0,9.2,1.0,5
510,2017-01-07,4,2,0,0,0,30,0,30,24.1,44.0,10.0,9.2,1.0,5
510,2017-01-07,5,1,0,0,0,30,0,30,23.0,44.0,10.0,11.5,1.0,5
510,2017-01-07,5,2,0,0,0,30,0,30,23.0,44.0,10.0,11.5,1.0,5
510,2017-01-07,6,1,0,0,0,30,0,30,23.0,46.0,10.0,5.8,1.0,5
510,2017-01-07,6,2,0,0,0,30,0,30,23.0,46.0,10.0,5.8,1.0,5
510,2017-01-07,7,1,0,0,0,30,0,30,23.0,46.0,10.0,10.4,1.0,5
510,2017-01-07,7,2,0,0,0,30,0,30,23.0,46.0,10.0,10.4,1.0,5
510,2017-01-07,8,1,0,0,0,30,0,30,21.9,58.0,3.0,9.2,1.0,5
510,2017-01-07,8,2,0,0,0,30,0,30,21.9,58.0,3.0,9.2,1.0,5
510,2017-01-07,9,1,0,0,0,30,0,30,21.5,71.5,0.95,7.774999999999999,2.0,5
510,2017-01-07,9,2,0,0,0,30,0,30,21.5,71.5,0.95,7.774999999999999,2.0,5
510,2017-01-07,10,1,0,0,0,30,0,30,20.45,85.0,0.2,9.2,2.0,5
510,2017-01-07,10,2,0,0,0,30,0,30,20.45,85.0,0.2,9.2,2.0,5
510,2017-01-07,11,1,0,0,0,30,0,30,21.0,85.0,0.2,8.099999999999998,1.0,5
510,2017-01-07,11,2,0,0,0,30,0,30,21.0,85.0,0.2,8.099999999999998,1.0,5
510,2017-01-07,12,1,0,0,0,30,0,30,21.0,85.0,0.2999999999999999,7.7,2.0,5
510,2017-01-07,12,2,0,0,0,30,0,30,21.0,85.0,0.2999999999999999,7.7,2.0,5
510,2017-01-07,13,1,0,0,0,30,0,30,20.266666666666666,85.0,0.2999999999999999,9.23333333333333,3.0,5
510,2017-01-07,13,2,0,0,0,30,0,30,20.266666666666666,85.0,0.2999999999999999,9.23333333333333,3.0,5
510,2017-01-07,14,1,0,0,0,30,0,30,19.9,89.0,0.2,3.5,1.0,5
510,2017-01-07,14,2,0,0,0,30,0,30,19.9,89.0,0.2,3.5,1.0,5
510,2017-01-07,15,1,0,0,0,30,0,30,19.9,92.0,0.2,5.8,1.0,5
510,2017-01-07,15,2,0,0,0,30,0,30,19.9,92.0,0.2,5.8,1.0,5
510,2017-01-07,16,1,0,0,0,30,0,30,19.9,89.0,0.2999999999999999,5.766666666666666,3.0,5
510,2017-01-07,16,2,0,0,0,30,0,30,19.9,89.0,0.2999999999999999,5.766666666666666,3.0,5
510,2017-01-07,17,1,0,0,0,30,0,30,19.9,89.0,0.2,10.4,1.0,5
510,2017-01-07,17,2,0,0,0,30,0,30,19.9,89.0,0.2,10.4,1.0,5
510,2017-01-07,18,1,0,0,0,30,0,30,19.733333333333327,90.33333333333333,0.9333333333333332,6.166666666666667,3.0,5
510,2017-01-07,18,2,0,0,0,30,0,30,19.733333333333327,90.33333333333333,0.9333333333333332,6.166666666666667,3.0,5
510,2017-01-07,19,1,0,0,0,30,0,30,21.0,85.0,1.1666666666666667,9.8,3.0,5
510,2017-01-07,19,2,0,0,0,30,0,30,21.0,85.0,1.1666666666666667,9.8,3.0,5
510,2017-01-07,20,1,0,0,0,30,0,30,21.0,83.0,1.775,6.05,4.0,5
510,2017-01-07,20,2,0,0,0,30,0,30,21.0,83.0,1.775,6.05,4.0,5
510,2017-01-07,21,1,0,0,0,30,0,30,21.0,81.0,4.0,4.05,2.0,5
510,2017-01-07,21,2,0,0,0,30,0,30,21.0,81.0,4.0,4.05,2.0,5
510,2017-01-07,22,1,0,0,0,30,0,30,21.0,78.0,7.0,3.5,1.0,5
510,2017-01-07,22,2,0,0,0,30,0,30,21.0,78.0,7.0,3.5,1.0,5
510,2017-01-07,23,1,0,0,0,30,0,30,21.0,68.0,7.0,12.7,1.0,5
510,2017-01-07,23,2,0,0,0,30,0,30,21.0,68.0,7.0,12.7,1.0,5
510,2017-01-08,0,1,0,0,0,30,0,30,19.9,60.0,8.0,8.099999999999998,1.0,6
510,2017-01-08,0,2,0,0,0,30,0,30,19.9,60.0,8.0,8.099999999999998,1.0,6
510,2017-01-08,1,1,0,0,0,30,0,30,19.0,62.0,9.0,11.5,1.0,6
510,2017-01-08,1,2,0,0,0,30,0,30,19.0,62.0,9.0,11.5,1.0,6
510,2017-01-08,2,1,0,0,0,30,0,30,19.0,57.0,9.0,9.2,1.0,6
510,2017-01-08,2,2,0,0,0,30,0,30,19.0,57.0,9.0,9.2,1.0,6
510,2017-01-08,3,1,0,0,0,30,0,30,18.0,62.0,9.0,6.9,1.0,6
510,2017-01-08,3,2,0,0,0,30,0,30,18.0,62.0,9.0,6.9,1.0,6
510,2017-01-08,4,1,0,0,0,30,0,30,18.0,60.0,9.0,3.5,1.0,6
510,2017-01-08,4,2,0,0,0,30,0,30,18.0,60.0,9.0,3.5,1.0,6
510,2017-01-08,5,1,0,0,0,30,0,30,17.1,62.0,9.0,8.099999999999998,1.0,6
510,2017-01-08,5,2,0,0,0,30,0,30,17.1,62.0,9.0,8.099999999999998,1.0,6
510,2017-01-08,6,1,0,0,0,30,0,30,17.1,59.0,10.0,6.9,1.0,6
510,2017-01-08,6,2,0,0,0,30,0,30,17.1,59.0,10.0,6.9,1.0,6
510,2017-01-08,7,1,0,0,0,30,0,30,17.1,59.0,8.0,9.2,1.0,6
510,2017-01-08,7,2,0,0,0,30,0,30,17.1,59.0,8.0,9.2,1.0,6
510,2017-01-08,8,1,0,0,0,30,0,30,17.1,54.0,8.0,12.7,1.0,6
510,2017-01-08,8,2,0,0,0,30,0,30,17.1,54.0,8.0,12.7,1.0,6
510,2017-01-08,9,1,0,0,0,30,0,30,18.0,52.0,8.0,15.0,1.0,6
510,2017-01-08,9,2,0,0,0,30,0,30,18.0,52.0,8.0,15.0,1.0,6
510,2017-01-08,10,1,0,0,0,30,0,30,19.0,50.0,10.0,13.8,1.0,6
510,2017-01-08,10,2,0,0,0,30,0,30,19.0,50.0,10.0,13.8,1.0,6
510,2017-01-08,11,1,0,0,0,30,0,30,19.9,50.0,10.0,6.9,1.0,6
510,2017-01-08,11,2,0,0,0,30,0,30,19.9,50.0,10.0,6.9,1.0,6
510,2017-01-08,12,1,0,0,0,30,0,30,21.9,48.0,10.0,9.2,1.0,6
510,2017-01-08,12,2,0,0,0,30,0,30,21.9,48.0,10.0,9.2,1.0,6
510,2017-01-08,13,1,0,0,0,30,0,30,23.0,46.0,10.0,9.2,1.0,6
510,2017-01-08,13,2,0,0,0,30,0,30,23.0,46.0,10.0,9.2,1.0,6
510,2017-01-08,14,1,0,0,0,30,0,30,24.1,40.0,10.0,9.2,1.0,6
510,2017-01-08,14,2,0,0,0,30,0,30,24.1,40.0,10.0,9.2,1.0,6
510,2017-01-08,15,1,0,0,0,30,0,30,24.1,35.0,10.0,5.8,1.0,6
510,2017-01-08,15,2,0,0,0,30,0,30,24.1,35.0,10.0,5.8,1.0,6
510,2017-01-08,16,1,0,0,0,30,0,30,23.0,37.0,10.0,8.099999999999998,1.0,6
510,2017-01-08,16,2,0,0,0,30,0,30,23.0,37.0,10.0,8.099999999999998,1.0,6
510,2017-01-08,17,1,0,0,0,30,0,30,21.9,42.0,10.0,10.4,1.0,6
510,2017-01-08,17,2,0,0,0,30,0,30,21.9,42.0,10.0,10.4,1.0,6
510,2017-01-08,18,1,0,0,0,30,0,30,21.9,42.0,10.0,9.2,1.0,6
510,2017-01-08,18,2,0,0,0,30,0,30,21.9,42.0,10.0,9.2,1.0,6
510,2017-01-08,19,1,0,0,0,30,0,30,21.0,44.0,10.0,9.2,1.0,6
510,2017-01-08,19,2,0,0,0,30,0,30,21.0,44.0,10.0,9.2,1.0,6
510,2017-01-08,20,1,0,0,0,30,0,30,19.9,50.0,10.0,6.9,1.0,6
510,2017-01-08,20,2,0,0,0,30,0,30,19.9,50.0,10.0,6.9,1.0,6
510,2017-01-08,21,1,0,0,0,30,0,30,19.0,46.0,10.0,9.2,1.0,6
510,2017-01-08,21,2,0,0,0,30,0,30,19.0,46.0,10.0,9.2,1.0,6
510,2017-01-08,22,1,0,0,0,30,0,30,19.0,46.0,10.0,6.9,1.0,6
510,2017-01-08,22,2,0,0,0,30,0,30,19.0,46.0,10.0,6.9,1.0,6
510,2017-01-08,23,1,0,0,0,30,0,30,18.0,50.0,10.0,3.5,1.0,6
510,2017-01-08,23,2,0,0,0,30,0,30,18.0,50.0,10.0,3.5,1.0,6
510,2017-01-09,0,1,0,0,0,30,0,30,17.1,50.0,10.0,4.6,1.0,0
510,2017-01-09,0,2,0,0,0,30,0,30,17.1,50.0,10.0,4.6,1.0,0
510,2017-01-09,1,1,0,0,0,30,0,30,16.0,49.0,10.0,4.6,1.0,0
510,2017-01-09,1,2,0,0,0,30,0,30,16.0,49.0,10.0,4.6,1.0,0
510,2017-01-09,2,1,0,0,0,30,0,30,16.0,52.0,10.0,4.6,1.0,0
510,2017-01-09,2,2,0,0,0,30,0,30,16.0,52.0,10.0,4.6,1.0,0
510,2017-01-09,3,1,0,0,0,30,0,30,15.1,54.0,10.0,4.6,1.0,0
510,2017-01-09,3,2,0,0,0,30,0,30,15.1,54.0,10.0,4.6,1.0,0
510,2017-01-09,4,1,0,0,0,30,0,30,15.1,54.0,10.0,9.2,1.0,0
510,2017-01-09,4,2,0,0,0,30,0,30,15.1,54.0,10.0,9.2,1.0,0
510,2017-01-09,5,1,0,0,0,30,0,30,15.1,56.0,10.0,8.099999999999998,1.0,0
510,2017-01-09,5,2,0,0,0,30,0,30,15.1,56.0,10.0,8.099999999999998,1.0,0
510,2017-01-09,6,1,0,0,0,30,0,30,15.1,54.0,10.0,3.5,1.0,0
510,2017-01-09,6,2,0,0,0,30,0,30,15.1,54.0,10.0,3.5,1.0,0
510,2017-01-09,7,1,0,0,0,30,0,30,15.1,56.0,10.0,4.6,1.0,0
510,2017-01-09,7,2,0,0,0,30,0,30,15.1,56.0,10.0,4.6,1.0,0
510,2017-01-09,8,1,0,0,0,30,0,30,16.0,57.0,10.0,4.6,1.0,0
510,2017-01-09,8,2,0,0,0,30,0,30,16.0,57.0,10.0,4.6,1.0,0
510,2017-01-09,9,1,0,0,0,30,0,30,17.1,54.0,10.0,5.8,1.0,0
510,2017-01-09,9,2,0,0,0,30,0,30,17.1,54.0,10.0,5.8,1.0,0
510,2017-01-09,10,1,0,0,0,30,0,30,19.0,50.0,10.0,4.6,1.0,0
510,2017-01-09,10,2,0,0,0,30,0,30,19.0,50.0,10.0,4.6,1.0,0
510,2017-01-09,11,1,0,0,0,30,0,30,19.9,50.0,10.0,4.6,1.0,0
510,2017-01-09,11,2,0,0,0,30,0,30,19.9,50.0,10.0,4.6,1.0,0
510,2017-01-09,12,1,0,0,0,30,0,30,19.9,48.0,10.0,6.9,1.0,0
510,2017-01-09,12,2,0,0,0,30,0,30,19.9,48.0,10.0,6.9,1.0,0
510,2017-01-09,13,1,0,0,0,30,0,30,21.0,46.0,10.0,8.099999999999998,1.0,0
510,2017-01-09,13,2,0,0,0,30,0,30,21.0,46.0,10.0,8.099999999999998,1.0,0
510,2017-01-09,14,1,0,0,0,30,0,30,21.9,48.0,10.0,5.8,1.0,0
510,2017-01-09,14,2,0,0,0,30,0,30,21.9,48.0,10.0,5.8,1.0,0
510,2017-01-09,15,1,0,0,0,30,0,30,23.0,50.0,10.0,3.5,1.0,0
510,2017-01-09,15,2,0,0,0,30,0,30,23.0,50.0,10.0,3.5,1.0,0
510,2017-01-09,16,1,0,0,0,30,0,30,21.9,53.0,10.0,8.099999999999998,1.0,0
510,2017-01-09,16,2,0,0,0,30,0,30,21.9,53.0,10.0,8.099999999999998,1.0,0
510,2017-01-09,17,1,0,0,0,30,0,30,21.9,58.0,10.0,4.6,1.0,0
510,2017-01-09,17,2,0,0,0,30,0,30,21.9,58.0,10.0,4.6,1.0,0
510,2017-01-09,18,1,0,0,0,30,0,30,23.0,53.0,10.0,4.6,1.0,0
510,2017-01-09,18,2,0,0,0,30,0,30,23.0,53.0,10.0,4.6,1.0,0
510,2017-01-09,19,1,0,0,0,30,0,30,23.0,55.0,10.0,4.6,1.0,0
510,2017-01-09,19,2,0,0,0,30,0,30,23.0,55.0,10.0,4.6,1.0,0
510,2017-01-09,20,1,0,0,0,30,0,30,23.0,53.0,10.0,4.6,1.0,0
510,2017-01-09,20,2,0,0,0,30,0,30,23.0,53.0,10.0,4.6,1.0,0
510,2017-01-09,21,1,0,0,0,30,0,30,21.9,53.0,10.0,4.6,1.0,0
510,2017-01-09,21,2,0,0,0,30,0,30,21.9,53.0,10.0,4.6,1.0,0
510,2017-01-09,22,1,0,0,0,30,0,30,21.0,60.0,10.0,9.2,1.0,0
510,2017-01-09,22,2,0,0,0,30,0,30,21.0,60.0,10.0,9.2,1.0,0
510,2017-01-09,23,1,0,0,0,30,0,30,21.9,58.0,10.0,6.9,1.0,0
510,2017-01-09,23,2,0,0,0,30,0,30,21.9,58.0,10.0,6.9,1.0,0
510,2017-01-10,0,1,0,0,0,30,0,30,21.9,58.0,10.0,4.6,1.0,1
510,2017-01-10,0,2,0,0,0,30,0,30,21.9,58.0,10.0,4.6,1.0,1
510,2017-01-10,1,1,0,0,0,30,0,30,21.9,58.0,10.0,4.6,1.0,1
510,2017-01-10,1,2,0,0,0,30,0,30,21.9,58.0,10.0,4.6,1.0,1
510,2017-01-10,2,1,0,0,0,30,0,30,21.9,60.0,10.0,5.8,1.0,1
510,2017-01-10,2,2,0,0,0,30,0,30,21.9,60.0,10.0,5.8,1.0,1
510,2017-01-10,3,1,0,0,0,30,0,30,21.9,60.0,10.0,4.6,1.0,1
510,2017-01-10,3,2,0,0,0,30,0,30,21.9,60.0,10.0,4.6,1.0,1
510,2017-01-10,4,1,0,0,0,30,0,30,23.0,63.0,10.0,8.099999999999998,1.0,1
510,2017-01-10,4,2,0,0,0,30,0,30,23.0,63.0,10.0,8.099999999999998,1.0,1
510,2017-01-10,5,1,0,0,0,30,0,30,23.0,60.0,10.0,3.5,1.0,1
510,2017-01-10,5,2,0,0,0,30,0,30,23.0,60.0,10.0,3.5,1.0,1
510,2017-01-10,6,1,0,0,0,30,0,30,24.1,53.0,10.0,4.6,1.0,1
510,2017-01-10,6,2,0,0,0,30,0,30,24.1,53.0,10.0,4.6,1.0,1
510,2017-01-10,7,1,0,0,0,30,0,30,25.0,58.0,10.0,4.6,1.0,1
510,2017-01-10,7,2,0,0,0,30,0,30,25.0,58.0,10.0,4.6,1.0,1
510,2017-01-10,8,1,0,0,0,30,0,30,27.0,56.0,10.0,3.5,1.0,1
510,2017-01-10,8,2,0,0,0,30,0,30,27.0,56.0,10.0,3.5,1.0,1
510,2017-01-10,9,1,0,0,0,30,0,30,28.9,51.0,10.0,3.5,1.0,1
510,2017-01-10,9,2,0,0,0,30,0,30,28.9,51.0,10.0,3.5,1.0,1
510,2017-01-10,10,1,0,0,0,30,0,30,30.9,42.0,10.0,8.099999999999998,1.0,1
510,2017-01-10,10,2,0,0,0,30,0,30,30.9,42.0,10.0,8.099999999999998,1.0,1
510,2017-01-10,11,1,0,0,0,30,0,30,33.1,46.0,10.0,8.099999999999998,1.0,1
510,2017-01-10,11,2,0,0,0,30,0,30,33.1,46.0,10.0,8.099999999999998,1.0,1
510,2017-01-10,12,1,0,0,0,30,0,30,34.0,56.0,10.0,3.5,1.0,1
510,2017-01-10,12,2,0,0,0,30,0,30,34.0,56.0,10.0,3.5,1.0,1
510,2017-01-10,13,1,0,0,0,30,0,30,34.0,67.0,10.0,4.6,1.0,1
510,2017-01-10,13,2,0,0,0,30,0,30,34.0,67.0,10.0,4.6,1.0,1
510,2017-01-10,14,1,0,0,0,30,0,30,35.1,72.0,10.0,3.5,1.0,1
510,2017-01-10,14,2,0,0,0,30,0,30,35.1,72.0,10.0,3.5,1.0,1
510,2017-01-10,15,1,0,0,0,30,0,30,36.0,76.0,10.0,3.5,1.0,1
510,2017-01-10,15,2,0,0,0,30,0,30,36.0,76.0,10.0,3.5,1.0,1
510,2017-01-10,16,1,0,0,0,30,0,30,37.0,76.0,10.0,6.9,1.0,1
510,2017-01-10,16,2,0,0,0,30,0,30,37.0,76.0,10.0,6.9,1.0,1
510,2017-01-10,17,1,0,0,0,30,0,30,37.0,79.0,10.0,4.6,1.0,1
510,2017-01-10,17,2,0,0,0,30,0,30,37.0,79.0,10.0,4.6,1.0,1
510,2017-01-10,18,1,0,0,0,30,0,30,37.9,79.0,10.0,4.6,1.0,1
510,2017-01-10,18,2,0,0,0,30,0,30,37.9,79.0,10.0,4.6,1.0,1
510,2017-01-10,19,1,0,0,0,30,0,30,39.9,79.0,10.0,4.6,1.0,1
510,2017-01-10,19,2,0,0,0,30,0,30,39.9,79.0,10.0,4.6,1.0,1
510,2017-01-10,20,1,0,0,0,30,0,30,41.0,79.0,10.0,5.8,1.0,1
510,2017-01-10,20,2,0,0,0,30,0,30,41.0,79.0,10.0,5.8,1.0,1
510,2017-01-10,21,1,0,0,0,30,0,30,44.1,76.0,10.0,8.099999999999998,1.0,1
510,2017-01-10,21,2,0,0,0,30,0,30,44.1,76.0,10.0,8.099999999999998,1.0,1
510,2017-01-10,22,1,0,0,0,30,0,30,44.1,76.0,10.0,6.9,1.0,1
510,2017-01-10,22,2,0,0,0,30,0,30,44.1,76.0,10.0,6.9,1.0,1
510,2017-01-10,23,1,0,0,0,30,0,30,44.55,78.0,10.0,6.9,2.0,1
510,2017-01-10,23,2,0,0,0,30,0,30,44.55,78.0,10.0,6.9,2.0,1
510,2017-01-11,0,1,0,0,0,30,0,30,45.0,76.0,10.0,5.8,1.0,2
510,2017-01-11,0,2,0,0,0,30,0,30,45.0,76.0,10.0,5.8,1.0,2
510,2017-01-11,1,1,0,0,0,30,0,30,42.9,86.5,3.5,6.9,2.0,2
510,2017-01-11,1,2,0,0,0,30,0,30,42.9,86.5,3.5,6.9,2.0,2
510,2017-01-11,2,1,0,0,0,30,0,30,43.45,89.25,2.875,4.2333333333333325,4.0,2
510,2017-01-11,2,2,0,0,0,30,0,30,43.45,89.25,2.875,4.2333333333333325,4.0,2
510,2017-01-11,3,1,0,0,0,30,0,30,44.36666666666667,90.66666666666669,5.5,6.533333333333334,2.0,2
510,2017-01-11,3,2,0,0,0,30,0,30,44.36666666666667,90.66666666666669,5.5,6.533333333333334,2.0,2
510,2017-01-11,4,1,0,0,0,30,0,30,45.5,86.5,10.0,7.5,2.0,2
510,2017-01-11,4,2,0,0,0,30,0,30,45.5,86.5,10.0,7.5,2.0,2
510,2017-01-11,5,1,0,0,0,30,0,30,45.0,82.0,10.0,13.8,1.0,2
510,2017-01-11,5,2,0,0,0,30,0,30,45.0,82.0,10.0,13.8,1.0,2
510,2017-01-11,6,1,0,0,0,30,0,30,43.55,80.5,10.0,9.2,2.0,2
510,2017-01-11,6,2,0,0,0,30,0,30,43.55,80.5,10.0,9.2,2.0,2
510,2017-01-11,7,1,0,0,0,30,0,30,43.0,80.0,10.0,5.8,1.0,2
510,2017-01-11,7,2,0,0,0,30,0,30,43.0,80.0,10.0,5.8,1.0,2
510,2017-01-11,8,1,0,0,0,30,0,30,43.0,76.0,10.0,5.8,1.0,2
510,2017-01-11,8,2,0,0,0,30,0,30,43.0,76.0,10.0,5.8,1.0,2
510,2017-01-11,9,1,0,0,0,30,0,30,44.1,73.0,10.0,5.8,1.0,2
510,2017-01-11,9,2,0,0,0,30,0,30,44.1,73.0,10.0,5.8,1.0,2
510,2017-01-11,10,1,0,0,0,30,0,30,46.9,66.0,10.0,4.6,1.0,2
510,2017-01-11,10,2,0,0,0,30,0,30,46.9,66.0,10.0,4.6,1.0,2
510,2017-01-11,11,1,0,0,0,30,0,30,48.0,66.0,10.0,5.8,1.0,2
510,2017-01-11,11,2,0,0,0,30,0,30,48.0,66.0,10.0,5.8,1.0,2
510,2017-01-11,12,1,0,0,0,30,0,30,50.0,61.0,10.0,5.8,1.0,2
510,2017-01-11,12,2,0,0,0,30,0,30,50.0,61.0,10.0,5.8,1.0,2
510,2017-01-11,13,1,0,0,0,30,0,30,50.0,61.0,10.0,5.8,1.0,2
510,2017-01-11,13,2,0,0,0,30,0,30,50.0,61.0,10.0,5.8,1.0,2
510,2017-01-11,14,1,0,0,0,30,0,30,51.1,59.0,10.0,5.8,1.0,2
510,2017-01-11,14,2,0,0,0,30,0,30,51.1,59.0,10.0,5.8,1.0,2
510,2017-01-11,15,1,0,0,0,30,0,30,51.1,56.0,10.0,3.5,1.0,2
510,2017-01-11,15,2,0,0,0,30,0,30,51.1,56.0,10.0,3.5,1.0,2
510,2017-01-11,16,1,0,0,0,30,0,30,50.0,63.0,10.0,5.8,1.0,2
510,2017-01-11,16,2,0,0,0,30,0,30,50.0,63.0,10.0,5.8,1.0,2
510,2017-01-11,17,1,0,0,0,30,0,30,46.9,74.0,10.0,3.5,1.0,2
510,2017-01-11,17,2,0,0,0,30,0,30,46.9,74.0,10.0,3.5,1.0,2
510,2017-01-11,18,1,0,0,0,30,0,30,48.0,77.0,10.0,9.2,1.0,2
510,2017-01-11,18,2,0,0,0,30,0,30,48.0,77.0,10.0,9.2,1.0,2
510,2017-01-11,19,1,0,0,0,30,0,30,48.0,77.0,10.0,5.8,1.0,2
510,2017-01-11,19,2,0,0,0,30,0,30,48.0,77.0,10.0,5.8,1.0,2
510,2017-01-11,20,1,0,0,0,30,0,30,50.0,68.0,10.0,3.5,1.0,2
510,2017-01-11,20,2,0,0,0,30,0,30,50.0,68.0,10.0,3.5,1.0,2
510,2017-01-11,21,1,0,0,0,30,0,30,48.0,83.0,5.0,5.8,1.0,2
510,2017-01-11,21,2,0,0,0,30,0,30,48.0,83.0,5.0,5.8,1.0,2
510,2017-01-11,22,1,0,0,0,30,0,30,46.0,93.0,3.0,6.9,1.0,2
510,2017-01-11,22,2,0,0,0,30,0,30,46.0,93.0,3.0,6.9,1.0,2
510,2017-01-11,23,1,0,0,0,30,0,30,46.225,93.75,2.75,5.775,4.0,2
510,2017-01-11,23,2,0,0,0,30,0,30,46.225,93.75,2.75,5.775,4.0,2
510,2017-01-12,0,1,0,0,0,30,0,30,48.0,93.0,5.0,4.6,1.0,3
510,2017-01-12,0,2,0,0,0,30,0,30,48.0,93.0,5.0,4.6,1.0,3
510,2017-01-12,1,1,0,0,0,30,0,30,50.0,89.0,8.0,10.4,1.0,3
510,2017-01-12,1,2,0,0,0,30,0,30,50.0,89.0,8.0,10.4,1.0,3
510,2017-01-12,2,1,0,0,0,30,0,30,51.1,89.0,9.0,9.2,1.0,3
510,2017-01-12,2,2,0,0,0,30,0,30,51.1,89.0,9.0,9.2,1.0,3
510,2017-01-12,3,1,0,0,0,30,0,30,51.55,89.0,10.0,5.8,2.0,3
510,2017-01-12,3,2,0,0,0,30,0,30,51.55,89.0,10.0,5.8,2.0,3
510,2017-01-12,4,1,0,0,0,30,0,30,53.1,86.0,10.0,4.6,1.0,3
510,2017-01-12,4,2,0,0,0,30,0,30,53.1,86.0,10.0,4.6,1.0,3
510,2017-01-12,5,1,0,0,0,30,0,30,53.1,86.0,10.0,7.5,2.0,3
510,2017-01-12,5,2,0,0,0,30,0,30,53.1,86.0,10.0,7.5,2.0,3
510,2017-01-12,6,1,0,0,0,30,0,30,54.0,83.0,10.0,7.5,2.0,3
510,2017-01-12,6,2,0,0,0,30,0,30,54.0,83.0,10.0,7.5,2.0,3
510,2017-01-12,7,1,0,0,0,30,0,30,54.0,86.0,10.0,9.2,1.0,3
510,2017-01-12,7,2,0,0,0,30,0,30,54.0,86.0,10.0,9.2,1.0,3
510,2017-01-12,8,1,0,0,0,30,0,30,54.5,84.5,10.0,9.25,2.0,3
510,2017-01-12,8,2,0,0,0,30,0,30,54.5,84.5,10.0,9.25,2.0,3
510,2017-01-12,9,1,0,0,0,30,0,30,55.9,84.0,10.0,9.2,1.0,3
510,2017-01-12,9,2,0,0,0,30,0,30,55.9,84.0,10.0,9.2,1.0,3
510,2017-01-12,10,1,0,0,0,30,0,30,57.9,78.0,10.0,6.9,1.0,3
510,2017-01-12,10,2,0,0,0,30,0,30,57.9,78.0,10.0,6.9,1.0,3
510,2017-01-12,11,1,0,0,0,30,0,30,60.1,75.0,10.0,5.8,1.0,3
510,2017-01-12,11,2,0,0,0,30,0,30,60.1,75.0,10.0,5.8,1.0,3
510,2017-01-12,12,1,0,0,0,30,0,30,63.0,67.0,10.0,10.4,1.0,3
510,2017-01-12,12,2,0,0,0,30,0,30,63.0,67.0,10.0,10.4,1.0,3
510,2017-01-12,13,1,0,0,0,30,0,30,64.9,63.0,10.0,8.099999999999998,1.0,3
510,2017-01-12,13,2,0,0,0,30,0,30,64.9,63.0,10.0,8.099999999999998,1.0,3
510,2017-01-12,14,1,0,0,0,30,0,30,64.9,61.0,10.0,8.099999999999998,1.0,3
510,2017-01-12,14,2,0,0,0,30,0,30,64.9,61.0,10.0,8.099999999999998,1.0,3
510,2017-01-12,15,1,0,0,0,30,0,30,64.9,61.0,10.0,9.2,1.0,3
510,2017-01-12,15,2,0,0,0,30,0,30,64.9,61.0,10.0,9.2,1.0,3
510,2017-01-12,16,1,0,0,0,30,0,30,64.0,63.0,10.0,4.6,1.0,3
510,2017-01-12,16,2,0,0,0,30,0,30,64.0,63.0,10.0,4.6,1.0,3
510,2017-01-12,17,1,0,0,0,30,0,30,64.0,63.0,10.0,4.6,1.0,3
510,2017-01-12,17,2,0,0,0,30,0,30,64.0,63.0,10.0,4.6,1.0,3
510,2017-01-12,18,1,0,0,0,30,0,30,64.9,61.0,10.0,4.6,1.0,3
510,2017-01-12,18,2,0,0,0,30,0,30,64.9,61.0,10.0,4.6,1.0,3
510,2017-01-12,19,1,0,0,0,30,0,30,64.0,63.0,10.0,5.8,1.0,3
510,2017-01-12,19,2,0,0,0,30,0,30,64.0,63.0,10.0,5.8,1.0,3
510,2017-01-12,20,1,0,0,0,30,0,30,64.9,61.0,10.0,11.5,1.0,3
510,2017-01-12,20,2,0,0,0,30,0,30,64.9,61.0,10.0,11.5,1.0,3
510,2017-01-12,21,1,0,0,0,30,0,30,64.0,63.0,10.0,9.2,1.0,3
510,2017-01-12,21,2,0,0,0,30,0,30,64.0,63.0,10.0,9.2,1.0,3
510,2017-01-12,22,1,0,0,0,30,0,30,63.0,65.0,10.0,6.9,1.0,3
510,2017-01-12,22,2,0,0,0,30,0,30,63.0,65.0,10.0,6.9,1.0,3
510,2017-01-12,23,1,0,0,0,30,0,30,48.0,93.0,5.0,4.6,1.0,3
510,2017-01-12,23,2,0,0,0,30,0,30,48.0,93.0,5.0,4.6,1.0,3
510,2017-01-13,0,1,0,0,0,30,0,30,61.0,75.0,10.0,10.4,1.0,4
510,2017-01-13,0,2,0,0,0,30,0,30,61.0,75.0,10.0,10.4,1.0,4
510,2017-01-13,1,1,0,0,0,30,0,30,60.1,78.0,10.0,4.6,1.0,4
510,2017-01-13,1,2,0,0,0,30,0,30,60.1,78.0,10.0,4.6,1.0,4
510,2017-01-13,2,1,0,0,0,30,0,30,59.0,81.0,10.0,5.8,1.0,4
510,2017-01-13,2,2,0,0,0,30,0,30,59.0,81.0,10.0,5.8,1.0,4
510,2017-01-13,3,1,0,0,0,30,0,30,57.9,75.0,10.0,5.8,1.0,4
510,2017-01-13,3,2,0,0,0,30,0,30,57.9,75.0,10.0,5.8,1.0,4
510,2017-01-13,4,1,0,0,0,30,0,30,55.9,75.0,10.0,10.4,1.0,4
510,2017-01-13,4,2,0,0,0,30,0,30,55.9,75.0,10.0,10.4,1.0,4
510,2017-01-13,5,1,0,0,0,30,0,30,53.5,72.5,10.0,9.25,2.0,4
510,2017-01-13,5,2,0,0,0,30,0,30,53.5,72.5,10.0,9.25,2.0,4
510,2017-01-13,6,1,0,0,0,30,0,30,50.0,72.5,10.0,6.35,2.0,4
510,2017-01-13,6,2,0,0,0,30,0,30,50.0,72.5,10.0,6.35,2.0,4
510,2017-01-13,7,1,0,0,0,30,0,30,46.9,66.0,10.0,3.5,1.0,4
510,2017-01-13,7,2,0,0,0,30,0,30,46.9,66.0,10.0,3.5,1.0,4
510,2017-01-13,8,1,0,0,0,30,0,30,46.0,56.0,10.0,12.7,1.0,4
510,2017-01-13,8,2,0,0,0,30,0,30,46.0,56.0,10.0,12.7,1.0,4
510,2017-01-13,9,1,0,0,0,30,0,30,45.0,52.0,10.0,8.099999999999998,1.0,4
510,2017-01-13,9,2,0,0,0,30,0,30,45.0,52.0,10.0,8.099999999999998,1.0,4
510,2017-01-13,10,1,0,0,0,30,0,30,45.0,46.0,10.0,6.9,1.0,4
510,2017-01-13,10,2,0,0,0,30,0,30,45.0,46.0,10.0,6.9,1.0,4
510,2017-01-13,11,1,0,0,0,30,0,30,46.0,46.0,10.0,10.4,1.0,4
510,2017-01-13,11,2,0,0,0,30,0,30,46.0,46.0,10.0,10.4,1.0,4
510,2017-01-13,12,1,0,0,0,30,0,30,46.0,39.0,10.0,3.5,1.0,4
510,2017-01-13,12,2,0,0,0,30,0,30,46.0,39.0,10.0,3.5,1.0,4
510,2017-01-13,13,1,0,0,0,30,0,30,45.0,39.0,10.0,8.099999999999998,1.0,4
510,2017-01-13,13,2,0,0,0,30,0,30,45.0,39.0,10.0,8.099999999999998,1.0,4
510,2017-01-13,14,1,0,0,0,30,0,30,44.1,37.0,10.0,10.4,1.0,4
510,2017-01-13,14,2,0,0,0,30,0,30,44.1,37.0,10.0,10.4,1.0,4
510,2017-01-13,15,1,0,0,0,30,0,30,42.1,32.0,10.0,8.099999999999998,1.0,4
510,2017-01-13,15,2,0,0,0,30,0,30,42.1,32.0,10.0,8.099999999999998,1.0,4
510,2017-01-13,16,1,0,0,0,30,0,30,39.9,35.0,10.0,6.9,1.0,4
510,2017-01-13,16,2,0,0,0,30,0,30,39.9,35.0,10.0,6.9,1.0,4
510,2017-01-13,17,1,0,0,0,30,0,30,37.9,38.0,10.0,9.2,1.0,4
510,2017-01-13,17,2,0,0,0,30,0,30,37.9,38.0,10.0,9.2,1.0,4
510,2017-01-13,18,1,0,0,0,30,0,30,36.0,41.0,10.0,4.6,1.0,4
510,2017-01-13,18,2,0,0,0,30,0,30,36.0,41.0,10.0,4.6,1.0,4
510,2017-01-13,19,1,0,0,0,30,0,30,35.1,42.0,10.0,4.6,1.0,4
510,2017-01-13,19,2,0,0,0,30,0,30,35.1,42.0,10.0,4.6,1.0,4
510,2017-01-13,20,1,0,0,0,30,0,30,34.0,46.0,10.0,9.2,1.0,4
510,2017-01-13,20,2,0,0,0,30,0,30,34.0,46.0,10.0,9.2,1.0,4
510,2017-01-13,21,1,0,0,0,30,0,30,33.1,46.0,10.0,6.9,1.0,4
510,2017-01-13,21,2,0,0,0,30,0,30,33.1,46.0,10.0,6.9,1.0,4
510,2017-01-13,22,1,0,0,0,30,0,30,32.0,45.0,10.0,8.099999999999998,1.0,4
510,2017-01-13,22,2,0,0,0,30,0,30,32.0,45.0,10.0,8.099999999999998,1.0,4
510,2017-01-13,23,1,0,0,0,30,0,30,32.0,48.0,10.0,5.8,1.0,4
510,2017-01-13,23,2,0,0,0,30,0,30,32.0,48.0,10.0,5.8,1.0,4
510,2017-01-14,0,1,0,0,0,30,0,30,32.0,48.0,10.0,3.5,1.0,5
510,2017-01-14,0,2,0,0,0,30,0,30,32.0,48.0,10.0,3.5,1.0,5
510,2017-01-14,1,1,0,0,0,30,0,30,32.0,52.0,10.0,9.2,1.0,5
510,2017-01-14,1,2,0,0,0,30,0,30,32.0,52.0,10.0,9.2,1.0,5
510,2017-01-14,2,1,0,0,0,30,0,30,30.9,50.0,10.0,6.9,1.0,5
510,2017-01-14,2,2,0,0,0,30,0,30,30.9,50.0,10.0,6.9,1.0,5
510,2017-01-14,3,1,0,0,0,30,0,30,30.0,49.0,10.0,9.2,1.0,5
510,2017-01-14,3,2,0,0,0,30,0,30,30.0,49.0,10.0,9.2,1.0,5
510,2017-01-14,4,1,0,0,0,30,0,30,30.0,51.0,10.0,3.5,1.0,5
510,2017-01-14,4,2,0,0,0,30,0,30,30.0,51.0,10.0,3.5,1.0,5
510,2017-01-14,5,1,0,0,0,30,0,30,28.9,51.0,10.0,6.9,1.0,5
510,2017-01-14,5,2,0,0,0,30,0,30,28.9,51.0,10.0,6.9,1.0,5
510,2017-01-14,6,1,0,0,0,30,0,30,28.0,53.0,10.0,5.8,1.0,5
510,2017-01-14,6,2,0,0,0,30,0,30,28.0,53.0,10.0,5.8,1.0,5
510,2017-01-14,7,1,0,0,0,30,0,30,28.0,53.0,10.0,5.8,1.0,5
510,2017-01-14,7,2,0,0,0,30,0,30,28.0,53.0,10.0,5.8,1.0,5
510,2017-01-14,8,1,0,0,0,30,0,30,28.9,49.0,10.0,4.6,1.0,5
510,2017-01-14,8,2,0,0,0,30,0,30,28.9,49.0,10.0,4.6,1.0,5
510,2017-01-14,9,1,0,0,0,30,0,30,30.9,47.0,10.0,3.5,1.0,5
510,2017-01-14,9,2,0,0,0,30,0,30,30.9,47.0,10.0,3.5,1.0,5
510,2017-01-14,10,1,0,0,0,30,0,30,32.0,50.0,10.0,8.099999999999998,1.0,5
510,2017-01-14,10,2,0,0,0,30,0,30,32.0,50.0,10.0,8.099999999999998,1.0,5
510,2017-01-14,11,1,0,0,0,30,0,30,32.0,50.0,10.0,3.5,1.0,5
510,2017-01-14,11,2,0,0,0,30,0,30,32.0,50.0,10.0,3.5,1.0,5
510,2017-01-14,12,1,0,0,0,30,0,30,33.1,48.0,10.0,3.5,1.0,5
510,2017-01-14,12,2,0,0,0,30,0,30,33.1,48.0,10.0,3.5,1.0,5
510,2017-01-14,13,1,0,0,0,30,0,30,33.1,50.0,10.0,3.5,1.0,5
510,2017-01-14,13,2,0,0,0,30,0,30,33.1,50.0,10.0,3.5,1.0,5
510,2017-01-14,14,1,0,0,0,30,0,30,32.0,61.0,5.0,3.5,1.0,5
510,2017-01-14,14,2,0,0,0,30,0,30,32.0,61.0,5.0,3.5,1.0,5
510,2017-01-14,15,1,0,0,0,30,0,30,29.175,82.0,0.6,4.625,3.0,5
510,2017-01-14,15,2,0,0,0,30,0,30,29.175,82.0,0.6,4.625,3.0,5
510,2017-01-14,16,1,0,0,0,30,0,30,28.9,90.5,0.8499999999999999,3.5,1.0,5
510,2017-01-14,16,2,0,0,0,30,0,30,28.9,90.5,0.8499999999999999,3.5,1.0,5
510,2017-01-14,17,1,0,0,0,30,0,30,30.18,91.4,1.98,4.05,5.0,5
510,2017-01-14,17,2,0,0,0,30,0,30,30.18,91.4,1.98,4.05,5.0,5
510,2017-01-14,18,1,0,0,0,30,0,30,30.45,90.5,1.9,3.5,2.0,5
510,2017-01-14,18,2,0,0,0,30,0,30,30.45,90.5,1.9,3.5,2.0,5
510,2017-01-14,19,1,0,0,0,30,0,30,30.9,89.0,3.5,3.5,1.0,5
510,2017-01-14,19,2,0,0,0,30,0,30,30.9,89.0,3.5,3.5,1.0,5
510,2017-01-14,20,1,0,0,0,30,0,30,31.266666666666666,89.66666666666667,5.0,3.5,3.0,5
510,2017-01-14,20,2,0,0,0,30,0,30,31.266666666666666,89.66666666666667,5.0,3.5,3.0,5
510,2017-01-14,21,1,0,0,0,30,0,30,31.266666666666666,89.66666666666667,3.1666666666666665,4.05,2.0,5
510,2017-01-14,21,2,0,0,0,30,0,30,31.266666666666666,89.66666666666667,3.1666666666666665,4.05,2.0,5
510,2017-01-14,22,1,0,0,0,30,0,30,30.899999999999995,89.0,4.5,4.633333333333333,2.0,5
510,2017-01-14,22,2,0,0,0,30,0,30,30.899999999999995,89.0,4.5,4.633333333333333,2.0,5
510,2017-01-14,23,1,0,0,0,30,0,30,32.0,85.0,8.0,6.9,1.0,5
510,2017-01-14,23,2,0,0,0,30,0,30,32.0,85.0,8.0,6.9,1.0,5
510,2017-01-15,0,1,0,0,0,30,0,30,32.0,85.0,8.0,8.649999999999999,2.0,6
510,2017-01-15,0,2,0,0,0,30,0,30,32.0,85.0,8.0,8.649999999999999,2.0,6
510,2017-01-15,1,1,0,0,0,30,0,30,32.0,81.33333333333333,9.666666666666666,5.0,3.0,6
510,2017-01-15,1,2,0,0,0,30,0,30,32.0,81.33333333333333,9.666666666666666,5.0,3.0,6
510,2017-01-15,2,1,0,0,0,30,0,30,32.0,82.0,9.0,8.649999999999999,1.0,6
510,2017-01-15,2,2,0,0,0,30,0,30,32.0,82.0,9.0,8.649999999999999,1.0,6
510,2017-01-15,3,1,0,0,0,30,0,30,30.9,82.0,9.0,5.8,1.0,6
510,2017-01-15,3,2,0,0,0,30,0,30,30.9,82.0,9.0,5.8,1.0,6
510,2017-01-15,4,1,0,0,0,30,0,30,30.9,79.0,10.0,6.9,1.0,6
510,2017-01-15,4,2,0,0,0,30,0,30,30.9,79.0,10.0,6.9,1.0,6
510,2017-01-15,5,1,0,0,0,30,0,30,30.0,79.0,10.0,5.8,1.0,6
510,2017-01-15,5,2,0,0,0,30,0,30,30.0,79.0,10.0,5.8,1.0,6
510,2017-01-15,6,1,0,0,0,30,0,30,30.0,75.0,10.0,9.2,1.0,6
510,2017-01-15,6,2,0,0,0,30,0,30,30.0,75.0,10.0,9.2,1.0,6
510,2017-01-15,7,1,0,0,0,30,0,30,30.0,69.0,10.0,4.6,1.0,6
510,2017-01-15,7,2,0,0,0,30,0,30,30.0,69.0,10.0,4.6,1.0,6
510,2017-01-15,8,1,0,0,0,30,0,30,30.9,64.0,10.0,3.5,1.0,6
510,2017-01-15,8,2,0,0,0,30,0,30,30.9,64.0,10.0,3.5,1.0,6
510,2017-01-15,9,1,0,0,0,30,0,30,33.1,61.0,10.0,3.5,1.0,6
510,2017-01-15,9,2,0,0,0,30,0,30,33.1,61.0,10.0,3.5,1.0,6
510,2017-01-15,10,1,0,0,0,30,0,30,34.0,56.0,10.0,8.649999999999999,1.0,6
510,2017-01-15,10,2,0,0,0,30,0,30,34.0,56.0,10.0,8.649999999999999,1.0,6
510,2017-01-15,11,1,0,0,0,30,0,30,36.0,55.0,10.0,8.649999999999999,1.0,6
510,2017-01-15,11,2,0,0,0,30,0,30,36.0,55.0,10.0,8.649999999999999,1.0,6
510,2017-01-15,12,1,0,0,0,30,0,30,37.0,50.0,10.0,8.099999999999998,1.0,6
510,2017-01-15,12,2,0,0,0,30,0,30,37.0,50.0,10.0,8.099999999999998,1.0,6
510,2017-01-15,13,1,0,0,0,30,0,30,37.0,50.0,10.0,3.5,1.0,6
510,2017-01-15,13,2,0,0,0,30,0,30,37.0,50.0,10.0,3.5,1.0,6
510,2017-01-15,14,1,0,0,0,30,0,30,37.9,48.0,10.0,6.9,1.0,6
510,2017-01-15,14,2,0,0,0,30,0,30,37.9,48.0,10.0,6.9,1.0,6
510,2017-01-15,15,1,0,0,0,30,0,30,37.9,48.0,10.0,3.5,1.0,6
510,2017-01-15,15,2,0,0,0,30,0,30,37.9,48.0,10.0,3.5,1.0,6
510,2017-01-15,16,1,0,0,0,30,0,30,37.0,50.0,10.0,4.6,1.0,6
510,2017-01-15,16,2,0,0,0,30,0,30,37.0,50.0,10.0,4.6,1.0,6
510,2017-01-15,17,1,0,0,0,30,0,30,37.0,50.0,10.0,8.649999999999999,1.0,6
510,2017-01-15,17,2,0,0,0,30,0,30,37.0,50.0,10.0,8.649999999999999,1.0,6
510,2017-01-15,18,1,0,0,0,30,0,30,36.0,52.0,10.0,3.5,1.0,6
510,2017-01-15,18,2,0,0,0,30,0,30,36.0,52.0,10.0,3.5,1.0,6
510,2017-01-15,19,1,0,0,0,30,0,30,35.1,52.0,10.0,4.6,1.0,6
510,2017-01-15,19,2,0,0,0,30,0,30,35.1,52.0,10.0,4.6,1.0,6
510,2017-01-15,20,1,0,0,0,30,0,30,34.0,54.0,10.0,3.5,1.0,6
510,2017-01-15,20,2,0,0,0,30,0,30,34.0,54.0,10.0,3.5,1.0,6
510,2017-01-15,21,1,0,0,0,30,0,30,33.1,56.0,10.0,8.649999999999999,1.0,6
510,2017-01-15,21,2,0,0,0,30,0,30,33.1,56.0,10.0,8.649999999999999,1.0,6
510,2017-01-15,22,1,0,0,0,30,0,30,32.0,59.0,10.0,3.5,1.0,6
510,2017-01-15,22,2,0,0,0,30,0,30,32.0,59.0,10.0,3.5,1.0,6
510,2017-01-15,23,1,0,0,0,30,0,30,32.0,59.0,10.0,8.649999999999999,1.0,6
510,2017-01-15,23,2,0,0,0,30,0,30,32.0,59.0,10.0,8.649999999999999,1.0,6
510,2017-01-16,0,1,0,0,0,30,0,30,30.9,61.0,10.0,3.5,1.0,0
510,2017-01-16,0,2,0,0,0,30,0,30,30.9,61.0,10.0,3.5,1.0,0
510,2017-01-16,1,1,0,0,0,30,0,30,30.9,64.0,10.0,3.5,1.0,0
510,2017-01-16,1,2,0,0,0,30,0,30,30.9,64.0,10.0,3.5,1.0,0
510,2017-01-16,2,1,0,0,0,30,0,30,30.9,64.0,10.0,3.5,1.0,0
510,2017-01-16,2,2,0,0,0,30,0,30,30.9,64.0,10.0,3.5,1.0,0
510,2017-01-16,3,1,0,0,0,30,0,30,30.9,57.0,10.0,4.6,1.0,0
510,2017-01-16,3,2,0,0,0,30,0,30,30.9,57.0,10.0,4.6,1.0,0
510,2017-01-16,4,1,0,0,0,30,0,30,30.0,56.0,10.0,4.6,1.0,0
510,2017-01-16,4,2,0,0,0,30,0,30,30.0,56.0,10.0,4.6,1.0,0
510,2017-01-16,5,1,0,0,0,30,0,30,30.0,59.0,10.0,4.6,1.0,0
510,2017-01-16,5,2,0,0,0,30,0,30,30.0,59.0,10.0,4.6,1.0,0
510,2017-01-16,6,1,0,0,0,30,0,30,30.0,64.0,10.0,3.5,1.0,0
510,2017-01-16,6,2,0,0,0,30,0,30,30.0,64.0,10.0,3.5,1.0,0
510,2017-01-16,7,1,0,0,0,30,0,30,30.9,59.0,10.0,3.5,1.0,0
510,2017-01-16,7,2,0,0,0,30,0,30,30.9,59.0,10.0,3.5,1.0,0
510,2017-01-16,8,1,0,0,0,30,0,30,32.0,61.0,10.0,3.5,1.0,0
510,2017-01-16,8,2,0,0,0,30,0,30,32.0,61.0,10.0,3.5,1.0,0
510,2017-01-16,9,1,0,0,0,30,0,30,34.0,56.0,10.0,3.5,1.0,0
510,2017-01-16,9,2,0,0,0,30,0,30,34.0,56.0,10.0,3.5,1.0,0
510,2017-01-16,10,1,0,0,0,30,0,30,36.0,55.0,10.0,3.5,1.0,0
510,2017-01-16,10,2,0,0,0,30,0,30,36.0,55.0,10.0,3.5,1.0,0
510,2017-01-16,11,1,0,0,0,30,0,30,37.9,51.0,10.0,3.5,1.0,0
510,2017-01-16,11,2,0,0,0,30,0,30,37.9,51.0,10.0,3.5,1.0,0
510,2017-01-16,12,1,0,0,0,30,0,30,39.9,47.0,10.0,6.9,1.0,0
510,2017-01-16,12,2,0,0,0,30,0,30,39.9,47.0,10.0,6.9,1.0,0
510,2017-01-16,13,1,0,0,0,30,0,30,41.0,45.0,10.0,3.5,1.0,0
510,2017-01-16,13,2,0,0,0,30,0,30,41.0,45.0,10.0,3.5,1.0,0
510,2017-01-16,14,1,0,0,0,30,0,30,43.0,42.0,10.0,4.6,1.0,0
510,2017-01-16,14,2,0,0,0,30,0,30,43.0,42.0,10.0,4.6,1.0,0
510,2017-01-16,15,1,0,0,0,30,0,30,42.1,45.0,10.0,8.099999999999998,1.0,0
510,2017-01-16,15,2,0,0,0,30,0,30,42.1,45.0,10.0,8.099999999999998,1.0,0
510,2017-01-16,16,1,0,0,0,30,0,30,41.0,49.0,10.0,4.6,1.0,0
510,2017-01-16,16,2,0,0,0,30,0,30,41.0,49.0,10.0,4.6,1.0,0
510,2017-01-16,17,1,0,0,0,30,0,30,41.0,51.0,10.0,4.6,1.0,0
510,2017-01-16,17,2,0,0,0,30,0,30,41.0,51.0,10.0,4.6,1.0,0
510,2017-01-16,18,1,0,0,0,30,0,30,41.0,51.0,10.0,4.6,1.0,0
510,2017-01-16,18,2,0,0,0,30,0,30,41.0,51.0,10.0,4.6,1.0,0
510,2017-01-16,19,1,0,0,0,30,0,30,41.0,51.0,10.0,3.5,1.0,0
510,2017-01-16,19,2,0,0,0,30,0,30,41.0,51.0,10.0,3.5,1.0,0
510,2017-01-16,20,1,0,0,0,30,0,30,41.0,51.0,10.0,11.5,1.0,0
510,2017-01-16,20,2,0,0,0,30,0,30,41.0,51.0,10.0,11.5,1.0,0
510,2017-01-16,21,1,0,0,0,30,0,30,41.0,51.0,10.0,9.2,1.0,0
510,2017-01-16,21,2,0,0,0,30,0,30,41.0,51.0,10.0,9.2,1.0,0
510,2017-01-16,22,1,0,0,0,30,0,30,41.0,51.0,10.0,5.8,1.0,0
510,2017-01-16,22,2,0,0,0,30,0,30,41.0,51.0,10.0,5.8,1.0,0
510,2017-01-16,23,1,0,0,0,30,0,30,39.9,55.0,10.0,4.6,1.0,0
510,2017-01-16,23,2,0,0,0,30,0,30,39.9,55.0,10.0,4.6,1.0,0
510,2017-01-17,0,1,0,0,0,30,0,30,39.9,55.0,10.0,6.9,1.0,1
510,2017-01-17,0,2,0,0,0,30,0,30,39.9,55.0,10.0,6.9,1.0,1
510,2017-01-17,1,1,0,0,0,30,0,30,39.9,58.0,10.0,4.6,1.0,1
510,2017-01-17,1,2,0,0,0,30,0,30,39.9,58.0,10.0,4.6,1.0,1
510,2017-01-17,2,1,0,0,0,30,0,30,39.9,58.0,10.0,4.6,1.0,1
510,2017-01-17,2,2,0,0,0,30,0,30,39.9,58.0,10.0,4.6,1.0,1
510,2017-01-17,3,1,0,0,0,30,0,30,39.9,60.0,9.0,5.8,1.0,1
510,2017-01-17,3,2,0,0,0,30,0,30,39.9,60.0,9.0,5.8,1.0,1
510,2017-01-17,4,1,0,0,0,30,0,30,39.9,60.0,9.0,5.8,1.0,1
510,2017-01-17,4,2,0,0,0,30,0,30,39.9,60.0,9.0,5.8,1.0,1
510,2017-01-17,5,1,0,0,0,30,0,30,39.9,60.0,9.0,5.8,1.0,1
510,2017-01-17,5,2,0,0,0,30,0,30,39.9,60.0,9.0,5.8,1.0,1
510,2017-01-17,6,1,0,0,0,30,0,30,39.9,63.0,9.0,6.9,1.0,1
510,2017-01-17,6,2,0,0,0,30,0,30,39.9,63.0,9.0,6.9,1.0,1
510,2017-01-17,7,1,0,0,0,30,0,30,39.9,61.5,8.0,3.5,2.0,1
510,2017-01-17,7,2,0,0,0,30,0,30,39.9,61.5,8.0,3.5,2.0,1
510,2017-01-17,8,1,0,0,0,30,0,30,41.55,59.0,7.0,6.9,2.0,1
510,2017-01-17,8,2,0,0,0,30,0,30,41.55,59.0,7.0,6.9,2.0,1
510,2017-01-17,9,1,0,0,0,30,0,30,41.0,67.5,5.0,3.5,1.0,1
510,2017-01-17,9,2,0,0,0,30,0,30,41.0,67.5,5.0,3.5,1.0,1
510,2017-01-17,10,1,0,0,0,30,0,30,39.9,81.5,4.5,6.9,2.0,1
510,2017-01-17,10,2,0,0,0,30,0,30,39.9,81.5,4.5,6.9,2.0,1
510,2017-01-17,11,1,0,0,0,30,0,30,39.9,88.0,2.333333333333333,3.5,3.0,1
510,2017-01-17,11,2,0,0,0,30,0,30,39.9,88.0,2.333333333333333,3.5,3.0,1
510,2017-01-17,12,1,0,0,0,30,0,30,39.9,93.0,1.65,4.05,2.0,1
510,2017-01-17,12,2,0,0,0,30,0,30,39.9,93.0,1.65,4.05,2.0,1
510,2017-01-17,13,1,0,0,0,30,0,30,39.0,92.66666666666669,2.4333333333333327,4.633333333333333,2.0,1
510,2017-01-17,13,2,0,0,0,30,0,30,39.0,92.66666666666669,2.4333333333333327,4.633333333333333,2.0,1
510,2017-01-17,14,1,0,0,0,30,0,30,39.0,94.0,2.1,5.8,2.0,1
510,2017-01-17,14,2,0,0,0,30,0,30,39.0,94.0,2.1,5.8,2.0,1
510,2017-01-17,15,1,0,0,0,30,0,30,39.400000000000006,91.4,2.9,6.7,4.0,1
510,2017-01-17,15,2,0,0,0,30,0,30,39.400000000000006,91.4,2.9,6.7,4.0,1
510,2017-01-17,16,1,0,0,0,30,0,30,39.9,89.0,4.0,6.9,1.0,1
510,2017-01-17,16,2,0,0,0,30,0,30,39.9,89.0,4.0,6.9,1.0,1
510,2017-01-17,17,1,0,0,0,30,0,30,39.0,94.5,2.75,5.8,2.0,1
510,2017-01-17,17,2,0,0,0,30,0,30,39.0,94.5,2.75,5.8,2.0,1
510,2017-01-17,18,1,0,0,0,30,0,30,39.0,93.0,2.8,5.080000000000001,5.0,1
510,2017-01-17,18,2,0,0,0,30,0,30,39.0,93.0,2.8,5.080000000000001,5.0,1
510,2017-01-17,19,1,0,0,0,30,0,30,39.0,93.75,2.075,6.625,4.0,1
510,2017-01-17,19,2,0,0,0,30,0,30,39.0,93.75,2.075,6.625,4.0,1
510,2017-01-17,20,1,0,0,0,30,0,30,39.0,96.0,2.6666666666666665,6.533333333333334,3.0,1
510,2017-01-17,20,2,0,0,0,30,0,30,39.0,96.0,2.6666666666666665,6.533333333333334,3.0,1
510,2017-01-17,21,1,0,0,0,30,0,30,39.0,94.5,4.0,6.949999999999999,1.0,1
510,2017-01-17,21,2,0,0,0,30,0,30,39.0,94.5,4.0,6.949999999999999,1.0,1
510,2017-01-17,22,1,0,0,0,30,0,30,38.26666666666667,96.66666666666669,2.833333333333333,7.7,2.0,1
510,2017-01-17,22,2,0,0,0,30,0,30,38.26666666666667,96.66666666666669,2.833333333333333,7.7,2.0,1
510,2017-01-17,23,1,0,0,0,30,0,30,37.9,97.0,2.1,6.900000000000001,2.0,1
510,2017-01-17,23,2,0,0,0,30,0,30,37.9,97.0,2.1,6.900000000000001,2.0,1
510,2017-01-18,0,1,0,0,0,30,0,30,37.73333333333333,98.0,4.0,8.83333333333333,3.0,2
510,2017-01-18,0,2,0,0,0,30,0,30,37.73333333333333,98.0,4.0,8.83333333333333,3.0,2
510,2017-01-18,1,1,0,0,0,30,0,30,37.9,97.0,3.5,6.949999999999999,2.0,2
510,2017-01-18,1,2,0,0,0,30,0,30,37.9,97.0,3.5,6.949999999999999,2.0,2
510,2017-01-18,2,1,0,0,0,30,0,30,37.9,100.0,3.1666666666666665,8.433333333333332,2.0,2
510,2017-01-18,2,2,0,0,0,30,0,30,37.9,100.0,3.1666666666666665,8.433333333333332,2.0,2
510,2017-01-18,3,1,0,0,0,30,0,30,39.06666666666667,98.66666666666669,3.333333333333333,3.8666666666666663,2.0,2
510,2017-01-18,3,2,0,0,0,30,0,30,39.06666666666667,98.66666666666669,3.333333333333333,3.8666666666666663,2.0,2
510,2017-01-18,4,1,0,0,0,30,0,30,39.45,96.5,7.0,5.75,2.0,2
510,2017-01-18,4,2,0,0,0,30,0,30,39.45,96.5,7.0,5.75,2.0,2
510,2017-01-18,5,1,0,0,0,30,0,30,39.9,97.0,10.0,8.099999999999998,1.0,2
510,2017-01-18,5,2,0,0,0,30,0,30,39.9,97.0,10.0,8.099999999999998,1.0,2
510,2017-01-18,6,1,0,0,0,30,0,30,39.9,97.0,7.0,8.099999999999998,1.0,2
510,2017-01-18,6,2,0,0,0,30,0,30,39.9,97.0,7.0,8.099999999999998,1.0,2
510,2017-01-18,7,1,0,0,0,30,0,30,39.9,97.0,6.0,5.8,1.0,2
510,2017-01-18,7,2,0,0,0,30,0,30,39.9,97.0,6.0,5.8,1.0,2
510,2017-01-18,8,1,0,0,0,30,0,30,39.9,97.0,5.0,6.9,1.0,2
510,2017-01-18,8,2,0,0,0,30,0,30,39.9,97.0,5.0,6.9,1.0,2
510,2017-01-18,9,1,0,0,0,30,0,30,39.0,96.0,4.0,6.9,1.0,2
510,2017-01-18,9,2,0,0,0,30,0,30,39.0,96.0,4.0,6.9,1.0,2
510,2017-01-18,10,1,0,0,0,30,0,30,39.9,93.0,7.0,8.83333333333333,1.0,2
510,2017-01-18,10,2,0,0,0,30,0,30,39.9,93.0,7.0,8.83333333333333,1.0,2
510,2017-01-18,11,1,0,0,0,30,0,30,39.9,93.0,8.0,8.099999999999998,1.0,2
510,2017-01-18,11,2,0,0,0,30,0,30,39.9,93.0,8.0,8.099999999999998,1.0,2
510,2017-01-18,12,1,0,0,0,30,0,30,39.9,93.0,10.0,4.6,1.0,2
510,2017-01-18,12,2,0,0,0,30,0,30,39.9,93.0,10.0,4.6,1.0,2
510,2017-01-18,13,1,0,0,0,30,0,30,39.45,91.0,9.5,6.9,2.0,2
510,2017-01-18,13,2,0,0,0,30,0,30,39.45,91.0,9.5,6.9,2.0,2
510,2017-01-18,14,1,0,0,0,30,0,30,39.9,90.33333333333333,10.0,6.133333333333333,3.0,2
510,2017-01-18,14,2,0,0,0,30,0,30,39.9,90.33333333333333,10.0,6.133333333333333,3.0,2
510,2017-01-18,15,1,0,0,0,30,0,30,41.0,82.0,10.0,5.8,1.0,2
510,2017-01-18,15,2,0,0,0,30,0,30,41.0,82.0,10.0,5.8,1.0,2
510,2017-01-18,16,1,0,0,0,30,0,30,39.9,89.0,10.0,5.8,1.0,2
510,2017-01-18,16,2,0,0,0,30,0,30,39.9,89.0,10.0,5.8,1.0,2
510,2017-01-18,17,1,0,0,0,30,0,30,39.55,86.5,10.0,4.05,2.0,2
510,2017-01-18,17,2,0,0,0,30,0,30,39.55,86.5,10.0,4.05,2.0,2
510,2017-01-18,18,1,0,0,0,30,0,30,39.9,89.0,8.0,8.099999999999998,1.0,2
510,2017-01-18,18,2,0,0,0,30,0,30,39.9,89.0,8.0,8.099999999999998,1.0,2
510,2017-01-18,19,1,0,0,0,30,0,30,39.66666666666666,86.33333333333333,10.0,4.2333333333333325,3.0,2
510,2017-01-18,19,2,0,0,0,30,0,30,39.66666666666666,86.33333333333333,10.0,4.2333333333333325,3.0,2
510,2017-01-18,20,1,0,0,0,30,0,30,39.9,86.0,10.0,4.05,3.0,2
510,2017-01-18,20,2,0,0,0,30,0,30,39.9,86.0,10.0,4.05,3.0,2
510,2017-01-18,21,1,0,0,0,30,0,30,39.9,86.0,10.0,8.099999999999998,1.0,2
510,2017-01-18,21,2,0,0,0,30,0,30,39.9,86.0,10.0,8.099999999999998,1.0,2
510,2017-01-18,22,1,0,0,0,30,0,30,39.9,86.0,10.0,8.83333333333333,1.0,2
510,2017-01-18,22,2,0,0,0,30,0,30,39.9,86.0,10.0,8.83333333333333,1.0,2
510,2017-01-18,23,1,0,0,0,30,0,30,39.45,87.5,10.0,8.83333333333333,2.0,2
510,2017-01-18,23,2,0,0,0,30,0,30,39.45,87.5,10.0,8.83333333333333,2.0,2
510,2017-01-19,0,1,0,0,0,30,0,30,39.0,86.0,10.0,4.6,1.0,3
510,2017-01-19,0,2,0,0,0,30,0,30,39.0,86.0,10.0,4.6,1.0,3
510,2017-01-19,1,1,0,0,0,30,0,30,39.9,83.0,10.0,4.6,1.0,3
510,2017-01-19,1,2,0,0,0,30,0,30,39.9,83.0,10.0,4.6,1.0,3
510,2017-01-19,2,1,0,0,0,30,0,30,39.0,86.0,10.0,4.6,1.0,3
510,2017-01-19,2,2,0,0,0,30,0,30,39.0,86.0,10.0,4.6,1.0,3
510,2017-01-19,3,1,0,0,0,30,0,30,39.9,86.0,10.0,4.6,1.0,3
510,2017-01-19,3,2,0,0,0,30,0,30,39.9,86.0,10.0,4.6,1.0,3
510,2017-01-19,4,1,0,0,0,30,0,30,41.0,82.0,10.0,4.6,1.0,3
510,2017-01-19,4,2,0,0,0,30,0,30,41.0,82.0,10.0,4.6,1.0,3
510,2017-01-19,5,1,0,0,0,30,0,30,41.0,82.0,10.0,4.6,1.0,3
510,2017-01-19,5,2,0,0,0,30,0,30,41.0,82.0,10.0,4.6,1.0,3
510,2017-01-19,6,1,0,0,0,30,0,30,39.9,86.0,10.0,3.5,1.0,3
510,2017-01-19,6,2,0,0,0,30,0,30,39.9,86.0,10.0,3.5,1.0,3
510,2017-01-19,7,1,0,0,0,30,0,30,41.0,82.0,10.0,3.5,1.0,3
510,2017-01-19,7,2,0,0,0,30,0,30,41.0,82.0,10.0,3.5,1.0,3
510,2017-01-19,8,1,0,0,0,30,0,30,41.55,80.5,10.0,5.8,2.0,3
510,2017-01-19,8,2,0,0,0,30,0,30,41.55,80.5,10.0,5.8,2.0,3
510,2017-01-19,9,1,0,0,0,30,0,30,42.0,79.0,10.0,4.6,2.0,3
510,2017-01-19,9,2,0,0,0,30,0,30,42.0,79.0,10.0,4.6,2.0,3
510,2017-01-19,10,1,0,0,0,30,0,30,46.0,66.0,10.0,6.9,1.0,3
510,2017-01-19,10,2,0,0,0,30,0,30,46.0,66.0,10.0,6.9,1.0,3
510,2017-01-19,11,1,0,0,0,30,0,30,46.9,61.0,10.0,5.8,1.0,3
510,2017-01-19,11,2,0,0,0,30,0,30,46.9,61.0,10.0,5.8,1.0,3
510,2017-01-19,12,1,0,0,0,30,0,30,48.0,58.0,10.0,6.9,1.0,3
510,2017-01-19,12,2,0,0,0,30,0,30,48.0,58.0,10.0,6.9,1.0,3
510,2017-01-19,13,1,0,0,0,30,0,30,45.975,63.0,10.0,8.65,4.0,3
510,2017-01-19,13,2,0,0,0,30,0,30,45.975,63.0,10.0,8.65,4.0,3
510,2017-01-19,14,1,0,0,0,30,0,30,45.0,65.0,10.0,3.5,1.0,3
510,2017-01-19,14,2,0,0,0,30,0,30,45.0,65.0,10.0,3.5,1.0,3
510,2017-01-19,15,1,0,0,0,30,0,30,44.1,65.0,10.0,8.099999999999998,1.0,3
510,2017-01-19,15,2,0,0,0,30,0,30,44.1,65.0,10.0,8.099999999999998,1.0,3
510,2017-01-19,16,1,0,0,0,30,0,30,44.1,65.0,10.0,8.099999999999998,1.0,3
510,2017-01-19,16,2,0,0,0,30,0,30,44.1,65.0,10.0,8.099999999999998,1.0,3
510,2017-01-19,17,1,0,0,0,30,0,30,44.1,65.0,10.0,4.6,2.0,3
510,2017-01-19,17,2,0,0,0,30,0,30,44.1,65.0,10.0,4.6,2.0,3
510,2017-01-19,18,1,0,0,0,30,0,30,43.0,65.0,10.0,6.9,1.0,3
510,2017-01-19,18,2,0,0,0,30,0,30,43.0,65.0,10.0,6.9,1.0,3
510,2017-01-19,19,1,0,0,0,30,0,30,43.0,65.0,10.0,4.6,1.0,3
510,2017-01-19,19,2,0,0,0,30,0,30,43.0,65.0,10.0,4.6,1.0,3
510,2017-01-19,20,1,0,0,0,30,0,30,42.1,67.0,10.0,4.6,1.0,3
510,2017-01-19,20,2,0,0,0,30,0,30,42.1,67.0,10.0,4.6,1.0,3
510,2017-01-19,21,1,0,0,0,30,0,30,42.1,67.0,10.0,4.6,1.0,3
510,2017-01-19,21,2,0,0,0,30,0,30,42.1,67.0,10.0,4.6,1.0,3
510,2017-01-19,22,1,0,0,0,30,0,30,42.55,67.5,10.0,5.2,2.0,3
510,2017-01-19,22,2,0,0,0,30,0,30,42.55,67.5,10.0,5.2,2.0,3
510,2017-01-19,23,1,0,0,0,30,0,30,43.0,68.0,10.0,4.6,1.0,3
510,2017-01-19,23,2,0,0,0,30,0,30,43.0,68.0,10.0,4.6,1.0,3
510,2017-01-20,0,1,0,0,0,30,0,30,42.1,70.0,10.0,6.9,1.0,4
510,2017-01-20,0,2,0,0,0,30,0,30,42.1,70.0,10.0,6.9,1.0,4
510,2017-01-20,1,1,0,0,0,30,0,30,42.1,67.0,10.0,3.5,1.0,4
510,2017-01-20,1,2,0,0,0,30,0,30,42.1,67.0,10.0,3.5,1.0,4
510,2017-01-20,2,1,0,0,0,30,0,30,41.0,67.0,10.0,10.4,1.0,4
510,2017-01-20,2,2,0,0,0,30,0,30,41.0,67.0,10.0,10.4,1.0,4
510,2017-01-20,3,1,0,0,0,30,0,30,39.9,68.0,10.0,5.8,1.0,4
510,2017-01-20,3,2,0,0,0,30,0,30,39.9,68.0,10.0,5.8,1.0,4
510,2017-01-20,4,1,0,0,0,30,0,30,39.9,70.0,10.0,4.6,1.0,4
510,2017-01-20,4,2,0,0,0,30,0,30,39.9,70.0,10.0,4.6,1.0,4
510,2017-01-20,5,1,0,0,0,30,0,30,39.9,70.0,10.0,3.5,1.0,4
510,2017-01-20,5,2,0,0,0,30,0,30,39.9,70.0,10.0,3.5,1.0,4
510,2017-01-20,6,1,0,0,0,30,0,30,39.9,70.0,10.0,4.6,1.0,4
510,2017-01-20,6,2,0,0,0,30,0,30,39.9,70.0,10.0,4.6,1.0,4
510,2017-01-20,7,1,0,0,0,30,0,30,39.9,70.0,10.0,5.8,1.0,4
510,2017-01-20,7,2,0,0,0,30,0,30,39.9,70.0,10.0,5.8,1.0,4
510,2017-01-20,8,1,0,0,0,30,0,30,41.0,67.0,10.0,5.8,1.0,4
510,2017-01-20,8,2,0,0,0,30,0,30,41.0,67.0,10.0,5.8,1.0,4
510,2017-01-20,9,1,0,0,0,30,0,30,42.1,67.0,10.0,5.8,1.0,4
510,2017-01-20,9,2,0,0,0,30,0,30,42.1,67.0,10.0,5.8,1.0,4
510,2017-01-20,10,1,0,0,0,30,0,30,42.1,67.0,10.0,6.9,1.0,4
510,2017-01-20,10,2,0,0,0,30,0,30,42.1,67.0,10.0,6.9,1.0,4
510,2017-01-20,11,1,0,0,0,30,0,30,44.1,68.0,10.0,6.9,1.0,4
510,2017-01-20,11,2,0,0,0,30,0,30,44.1,68.0,10.0,6.9,1.0,4
510,2017-01-20,12,1,0,0,0,30,0,30,45.0,63.0,10.0,5.8,1.0,4
510,2017-01-20,12,2,0,0,0,30,0,30,45.0,63.0,10.0,5.8,1.0,4
510,2017-01-20,13,1,0,0,0,30,0,30,45.0,63.0,10.0,5.2,2.0,4
510,2017-01-20,13,2,0,0,0,30,0,30,45.0,63.0,10.0,5.2,2.0,4
510,2017-01-20,14,1,0,0,0,30,0,30,45.0,65.0,10.0,5.8,1.0,4
510,2017-01-20,14,2,0,0,0,30,0,30,45.0,65.0,10.0,5.8,1.0,4
510,2017-01-20,15,1,0,0,0,30,0,30,43.55,74.25,8.25,3.775,3.0,4
510,2017-01-20,15,2,0,0,0,30,0,30,43.55,74.25,8.25,3.775,3.0,4
510,2017-01-20,16,1,0,0,0,30,0,30,41.0,91.0,3.5,4.65,2.0,4
510,2017-01-20,16,2,0,0,0,30,0,30,41.0,91.0,3.5,4.65,2.0,4
510,2017-01-20,17,1,0,0,0,30,0,30,39.9,93.0,6.5,4.6,2.0,4
510,2017-01-20,17,2,0,0,0,30,0,30,39.9,93.0,6.5,4.6,2.0,4
510,2017-01-20,18,1,0,0,0,30,0,30,40.45,93.0,6.5,3.5,1.0,4
510,2017-01-20,18,2,0,0,0,30,0,30,40.45,93.0,6.5,3.5,1.0,4
510,2017-01-20,19,1,0,0,0,30,0,30,41.0,93.0,9.0,3.5,1.0,4
510,2017-01-20,19,2,0,0,0,30,0,30,41.0,93.0,9.0,3.5,1.0,4
510,2017-01-20,20,1,0,0,0,30,0,30,41.0,93.0,8.5,6.35,2.0,4
510,2017-01-20,20,2,0,0,0,30,0,30,41.0,93.0,8.5,6.35,2.0,4
510,2017-01-20,21,1,0,0,0,30,0,30,41.0,94.5,5.5,3.5,2.0,4
510,2017-01-20,21,2,0,0,0,30,0,30,41.0,94.5,5.5,3.5,2.0,4
510,2017-01-20,22,1,0,0,0,30,0,30,41.0,96.0,4.333333333333333,3.8666666666666663,3.0,4
510,2017-01-20,22,2,0,0,0,30,0,30,41.0,96.0,4.333333333333333,3.8666666666666663,3.0,4
510,2017-01-20,23,1,0,0,0,30,0,30,41.0,94.5,5.0,3.5,2.0,4
510,2017-01-20,23,2,0,0,0,30,0,30,41.0,94.5,5.0,3.5,2.0,4
510,2017-01-21,0,1,0,0,0,30,0,30,42.1,94.0,5.0,6.9,2.0,5
510,2017-01-21,0,2,0,0,0,30,0,30,42.1,94.0,5.0,6.9,2.0,5
510,2017-01-21,1,1,0,0,0,30,0,30,42.1,92.0,5.0,5.8,1.0,5
510,2017-01-21,1,2,0,0,0,30,0,30,42.1,92.0,5.0,5.8,1.0,5
510,2017-01-21,2,1,0,0,0,30,0,30,42.1,92.0,5.0,7.5,2.0,5
510,2017-01-21,2,2,0,0,0,30,0,30,42.1,92.0,5.0,7.5,2.0,5
510,2017-01-21,3,1,0,0,0,30,0,30,42.1,92.0,4.0,4.6,1.0,5
510,2017-01-21,3,2,0,0,0,30,0,30,42.1,92.0,4.0,4.6,1.0,5
510,2017-01-21,4,1,0,0,0,30,0,30,41.0,100.0,5.0,8.099999999999998,1.0,5
510,2017-01-21,4,2,0,0,0,30,0,30,41.0,100.0,5.0,8.099999999999998,1.0,5
510,2017-01-21,5,1,0,0,0,30,0,30,42.1,96.0,5.0,3.5,1.0,5
510,2017-01-21,5,2,0,0,0,30,0,30,42.1,96.0,5.0,3.5,1.0,5
510,2017-01-21,6,1,0,0,0,30,0,30,42.1,92.0,6.0,6.9,1.0,5
510,2017-01-21,6,2,0,0,0,30,0,30,42.1,92.0,6.0,6.9,1.0,5
510,2017-01-21,7,1,0,0,0,30,0,30,42.1,96.0,5.666666666666667,4.633333333333334,3.0,5
510,2017-01-21,7,2,0,0,0,30,0,30,42.1,96.0,5.666666666666667,4.633333333333334,3.0,5
510,2017-01-21,8,1,0,0,0,30,0,30,42.7,92.66666666666669,5.666666666666667,3.5,3.0,5
510,2017-01-21,8,2,0,0,0,30,0,30,42.7,92.66666666666669,5.666666666666667,3.5,3.0,5
510,2017-01-21,9,1,0,0,0,30,0,30,43.0,93.0,5.0,6.9,1.0,5
510,2017-01-21,9,2,0,0,0,30,0,30,43.0,93.0,5.0,6.9,1.0,5
510,2017-01-21,10,1,0,0,0,30,0,30,43.0,93.0,5.0,5.8,1.0,5
510,2017-01-21,10,2,0,0,0,30,0,30,43.0,93.0,5.0,5.8,1.0,5
510,2017-01-21,11,1,0,0,0,30,0,30,43.0,93.0,6.0,6.9,1.0,5
510,2017-01-21,11,2,0,0,0,30,0,30,43.0,93.0,6.0,6.9,1.0,5
510,2017-01-21,12,1,0,0,0,30,0,30,44.1,93.0,6.0,6.9,1.0,5
510,2017-01-21,12,2,0,0,0,30,0,30,44.1,93.0,6.0,6.9,1.0,5
510,2017-01-21,13,1,0,0,0,30,0,30,47.45,84.5,6.5,4.6,1.0,5
510,2017-01-21,13,2,0,0,0,30,0,30,47.45,84.5,6.5,4.6,1.0,5
510,2017-01-21,14,1,0,0,0,30,0,30,46.0,86.0,5.0,3.5,1.0,5
510,2017-01-21,14,2,0,0,0,30,0,30,46.0,86.0,5.0,3.5,1.0,5
510,2017-01-21,15,1,0,0,0,30,0,30,45.0,91.5,4.5,4.65,2.0,5
510,2017-01-21,15,2,0,0,0,30,0,30,45.0,91.5,4.5,4.65,2.0,5
510,2017-01-21,16,1,0,0,0,30,0,30,45.0,93.0,4.0,5.8,2.0,5
510,2017-01-21,16,2,0,0,0,30,0,30,45.0,93.0,4.0,5.8,2.0,5
510,2017-01-21,17,1,0,0,0,30,0,30,45.0,97.0,5.333333333333333,5.199999999999999,3.0,5
510,2017-01-21,17,2,0,0,0,30,0,30,45.0,97.0,5.333333333333333,5.199999999999999,3.0,5
510,2017-01-21,18,1,0,0,0,30,0,30,45.0,97.0,4.0,5.8,1.0,5
510,2017-01-21,18,2,0,0,0,30,0,30,45.0,97.0,4.0,5.8,1.0,5
510,2017-01-21,19,1,0,0,0,30,0,30,44.1,100.0,3.0,6.9,2.0,5
510,2017-01-21,19,2,0,0,0,30,0,30,44.1,100.0,3.0,6.9,2.0,5
510,2017-01-21,20,1,0,0,0,30,0,30,45.0,100.0,3.0,3.5,1.0,5
510,2017-01-21,20,2,0,0,0,30,0,30,45.0,100.0,3.0,3.5,1.0,5
510,2017-01-21,21,1,0,0,0,30,0,30,44.1,100.0,2.75,5.75,4.0,5
510,2017-01-21,21,2,0,0,0,30,0,30,44.1,100.0,2.75,5.75,4.0,5
510,2017-01-21,22,1,0,0,0,30,0,30,44.225,100.0,1.175,3.5,4.0,5
510,2017-01-21,22,2,0,0,0,30,0,30,44.225,100.0,1.175,3.5,4.0,5
510,2017-01-21,23,1,0,0,0,30,0,30,43.36666666666667,100.0,1.1,3.5,2.0,5
510,2017-01-21,23,2,0,0,0,30,0,30,43.36666666666667,100.0,1.1,3.5,2.0,5
510,2017-01-22,0,1,0,0,0,30,0,30,43.55,100.0,1.75,4.6,2.0,6
510,2017-01-22,0,2,0,0,0,30,0,30,43.55,100.0,1.75,4.6,2.0,6
510,2017-01-22,1,1,0,0,0,30,0,30,43.73333333333333,100.0,2.833333333333333,3.5,3.0,6
510,2017-01-22,1,2,0,0,0,30,0,30,43.73333333333333,100.0,2.833333333333333,3.5,3.0,6
510,2017-01-22,2,1,0,0,0,30,0,30,44.1,100.0,3.5,4.6,2.0,6
510,2017-01-22,2,2,0,0,0,30,0,30,44.1,100.0,3.5,4.6,2.0,6
510,2017-01-22,3,1,0,0,0,30,0,30,43.0,100.0,4.0,4.6,2.0,6
510,2017-01-22,3,2,0,0,0,30,0,30,43.0,100.0,4.0,4.6,2.0,6
510,2017-01-22,4,1,0,0,0,30,0,30,43.55,100.0,3.5,4.6,2.0,6
510,2017-01-22,4,2,0,0,0,30,0,30,43.55,100.0,3.5,4.6,2.0,6
510,2017-01-22,5,1,0,0,0,30,0,30,43.0,100.0,4.0,4.6,1.0,6
510,2017-01-22,5,2,0,0,0,30,0,30,43.0,100.0,4.0,4.6,1.0,6
510,2017-01-22,6,1,0,0,0,30,0,30,43.275,100.0,2.425,3.5,4.0,6
510,2017-01-22,6,2,0,0,0,30,0,30,43.275,100.0,2.425,3.5,4.0,6
510,2017-01-22,7,1,0,0,0,30,0,30,43.0,100.0,1.0,4.6,1.0,6
510,2017-01-22,7,2,0,0,0,30,0,30,43.0,100.0,1.0,4.6,1.0,6
510,2017-01-22,8,1,0,0,0,30,0,30,43.55,100.0,0.65,4.6,2.0,6
510,2017-01-22,8,2,0,0,0,30,0,30,43.55,100.0,0.65,4.6,2.0,6
510,2017-01-22,9,1,0,0,0,30,0,30,44.1,100.0,1.6,4.05,2.0,6
510,2017-01-22,9,2,0,0,0,30,0,30,44.1,100.0,1.6,4.05,2.0,6
510,2017-01-22,10,1,0,0,0,30,0,30,45.5,96.5,3.0,4.65,2.0,6
510,2017-01-22,10,2,0,0,0,30,0,30,45.5,96.5,3.0,4.65,2.0,6
510,2017-01-22,11,1,0,0,0,30,0,30,45.0,93.0,4.0,5.8,1.0,6
510,2017-01-22,11,2,0,0,0,30,0,30,45.0,93.0,4.0,5.8,1.0,6
510,2017-01-22,12,1,0,0,0,30,0,30,45.0,90.0,6.0,8.099999999999998,1.0,6
510,2017-01-22,12,2,0,0,0,30,0,30,45.0,90.0,6.0,8.099999999999998,1.0,6
510,2017-01-22,13,1,0,0,0,30,0,30,46.45,84.5,7.0,6.9,2.0,6
510,2017-01-22,13,2,0,0,0,30,0,30,46.45,84.5,7.0,6.9,2.0,6
510,2017-01-22,14,1,0,0,0,30,0,30,46.0,86.0,5.5,10.35,2.0,6
510,2017-01-22,14,2,0,0,0,30,0,30,46.0,86.0,5.5,10.35,2.0,6
510,2017-01-22,15,1,0,0,0,30,0,30,46.133333333333326,93.0,2.2,9.233333333333334,2.0,6
510,2017-01-22,15,2,0,0,0,30,0,30,46.133333333333326,93.0,2.2,9.233333333333334,2.0,6
510,2017-01-22,16,1,0,0,0,30,0,30,46.1,94.5,3.7,8.074999999999998,3.0,6
510,2017-01-22,16,2,0,0,0,30,0,30,46.1,94.5,3.7,8.074999999999998,3.0,6
510,2017-01-22,17,1,0,0,0,30,0,30,46.0,93.0,7.0,9.2,1.0,6
510,2017-01-22,17,2,0,0,0,30,0,30,46.0,93.0,7.0,9.2,1.0,6
510,2017-01-22,18,1,0,0,0,30,0,30,46.0,89.0,8.0,7.5,2.0,6
510,2017-01-22,18,2,0,0,0,30,0,30,46.0,89.0,8.0,7.5,2.0,6
510,2017-01-22,19,1,0,0,0,30,0,30,46.9,86.0,10.0,11.5,1.0,6
510,2017-01-22,19,2,0,0,0,30,0,30,46.9,86.0,10.0,11.5,1.0,6
510,2017-01-22,20,1,0,0,0,30,0,30,46.9,81.5,10.0,12.65,2.0,6
510,2017-01-22,20,2,0,0,0,30,0,30,46.9,81.5,10.0,12.65,2.0,6
510,2017-01-22,21,1,0,0,0,30,0,30,46.0,83.0,10.0,10.4,1.0,6
510,2017-01-22,21,2,0,0,0,30,0,30,46.0,83.0,10.0,10.4,1.0,6
510,2017-01-22,22,1,0,0,0,30,0,30,45.0,84.0,10.0,13.25,2.0,6
510,2017-01-22,22,2,0,0,0,30,0,30,45.0,84.0,10.0,13.25,2.0,6
510,2017-01-22,23,1,0,0,0,30,0,30,44.1,85.0,10.0,12.7,1.0,6
510,2017-01-22,23,2,0,0,0,30,0,30,44.1,85.0,10.0,12.7,1.0,6
510,2017-01-23,0,1,0,0,0,30,0,30,43.0,89.0,10.0,16.1,1.0,0
510,2017-01-23,0,2,0,0,0,30,0,30,43.0,89.0,10.0,16.1,1.0,0
510,2017-01-23,1,1,0,0,0,30,0,30,43.0,88.0,10.0,11.9,3.0,0
510,2017-01-23,1,2,0,0,0,30,0,30,43.0,88.0,10.0,11.9,3.0,0
510,2017-01-23,2,1,0,0,0,30,0,30,42.1,89.0,9.5,14.95,2.0,0
510,2017-01-23,2,2,0,0,0,30,0,30,42.1,89.0,9.5,14.95,2.0,0
510,2017-01-23,3,1,0,0,0,30,0,30,42.1,85.0,10.0,15.55,2.0,0
510,2017-01-23,3,2,0,0,0,30,0,30,42.1,85.0,10.0,15.55,2.0,0
510,2017-01-23,4,1,0,0,0,30,0,30,41.0,86.0,10.0,15.0,1.0,0
510,2017-01-23,4,2,0,0,0,30,0,30,41.0,86.0,10.0,15.0,1.0,0
510,2017-01-23,5,1,0,0,0,30,0,30,41.0,80.5,10.0,15.0,2.0,0
510,2017-01-23,5,2,0,0,0,30,0,30,41.0,80.5,10.0,15.0,2.0,0
510,2017-01-23,6,1,0,0,0,30,0,30,41.0,76.0,10.0,15.0,1.0,0
510,2017-01-23,6,2,0,0,0,30,0,30,41.0,76.0,10.0,15.0,1.0,0
510,2017-01-23,7,1,0,0,0,30,0,30,39.9,79.0,10.0,15.0,1.0,0
510,2017-01-23,7,2,0,0,0,30,0,30,39.9,79.0,10.0,15.0,1.0,0
510,2017-01-23,8,1,0,0,0,30,0,30,39.9,70.0,10.0,23.0,1.0,0
510,2017-01-23,8,2,0,0,0,30,0,30,39.9,70.0,10.0,23.0,1.0,0
510,2017-01-23,9,1,0,0,0,30,0,30,39.9,68.0,10.0,25.3,1.0,0
510,2017-01-23,9,2,0,0,0,30,0,30,39.9,68.0,10.0,25.3,1.0,0
510,2017-01-23,10,1,0,0,0,30,0,30,39.9,68.0,10.0,20.7,1.0,0
510,2017-01-23,10,2,0,0,0,30,0,30,39.9,68.0,10.0,20.7,1.0,0
510,2017-01-23,11,1,0,0,0,30,0,30,39.9,70.0,10.0,19.6,1.0,0
510,2017-01-23,11,2,0,0,0,30,0,30,39.9,70.0,10.0,19.6,1.0,0
510,2017-01-23,12,1,0,0,0,30,0,30,39.9,70.0,10.0,21.9,1.0,0
510,2017-01-23,12,2,0,0,0,30,0,30,39.9,70.0,10.0,21.9,1.0,0
510,2017-01-23,13,1,0,0,0,30,0,30,39.9,70.0,10.0,19.6,1.0,0
510,2017-01-23,13,2,0,0,0,30,0,30,39.9,70.0,10.0,19.6,1.0,0
510,2017-01-23,14,1,0,0,0,30,0,30,39.9,70.0,10.0,23.0,1.0,0
510,2017-01-23,14,2,0,0,0,30,0,30,39.9,70.0,10.0,23.0,1.0,0
510,2017-01-23,15,1,0,0,0,30,0,30,38.9,74.5,7.0,22.45,1.0,0
510,2017-01-23,15,2,0,0,0,30,0,30,38.9,74.5,7.0,22.45,1.0,0
510,2017-01-23,16,1,0,0,0,30,0,30,37.9,83.0,8.0,23.0,1.0,0
510,2017-01-23,16,2,0,0,0,30,0,30,37.9,83.0,8.0,23.0,1.0,0
510,2017-01-23,17,1,0,0,0,30,0,30,37.0,89.0,4.0,10.4,1.0,0
510,2017-01-23,17,2,0,0,0,30,0,30,37.0,89.0,4.0,10.4,1.0,0
510,2017-01-23,18,1,0,0,0,30,0,30,36.0,93.0,4.0,19.6,1.0,0
510,2017-01-23,18,2,0,0,0,30,0,30,36.0,93.0,4.0,19.6,1.0,0
510,2017-01-23,19,1,0,0,0,30,0,30,36.0,93.0,4.0,17.3,1.0,0
510,2017-01-23,19,2,0,0,0,30,0,30,36.0,93.0,4.0,17.3,1.0,0
510,2017-01-23,20,1,0,0,0,30,0,30,36.0,93.0,3.0,17.3,1.0,0
510,2017-01-23,20,2,0,0,0,30,0,30,36.0,93.0,3.0,17.3,1.0,0
510,2017-01-23,21,1,0,0,0,30,0,30,36.0,97.0,3.0,17.3,1.0,0
510,2017-01-23,21,2,0,0,0,30,0,30,36.0,97.0,3.0,17.3,1.0,0
510,2017-01-23,22,1,0,0,0,30,0,30,35.8,98.5,2.5,21.3,2.0,0
510,2017-01-23,22,2,0,0,0,30,0,30,35.8,98.5,2.5,21.3,2.0,0
510,2017-01-23,23,1,0,0,0,30,0,30,36.25,96.0,3.125,15.525,4.0,0
510,2017-01-23,23,2,0,0,0,30,0,30,36.25,96.0,3.125,15.525,4.0,0
510,2017-01-24,0,1,0,0,0,30,0,30,37.0,93.0,2.5,17.3,1.0,1
